x1,x2,x3,x4,x5,x6,y
-1.0,0.8221732970375978,-0.19536175440949777,-0.19541324146461958,1.0,1.0,8.582003064712358
-0.6672177983666894,-0.7273879493961687,0.21000853081528187,-1.0,-1.0,-0.010530322122134006,2.4478613885380436
0.7197219097967982,0.08629370386681046,-0.747959872664531,0.4064790136608246,1.0,-0.17885895313760652,-3.088444971072913
1.0,1.0,0.6665240906913856,1.0,1.0,0.7094679178940002,-6.797785186966158
-0.3410226361838644,-0.056681046168855276,0.8637325685317889,-1.0,0.5043952843500423,0.9390924344303477,-1.0006844309215928
0.06642538267444342,1.0,1.0,0.2899018667971691,0.4942707902615617,0.12936913195941596,-3.71003988503839
1.0,0.2657349421988626,-0.5710180164055372,-0.8426479438863261,0.3507006234228572,-1.0,1.559779413970485
-0.17941670778886287,-0.3277108312368633,-0.1213391976376681,0.3687194102642243,0.2883461894679543,1.0,3.1609105652600284
-0.708424816967643,-1.0,-1.0,-0.2806477941571235,-0.5539271981996459,0.6179917232006078,-2.262913419597045
-0.39314921548734927,-0.9789343337323445,1.0,0.3774930107872427,0.3196045986046209,-0.5686924675112914,2.736656346578468
-0.5851817295937083,0.2163100129255871,-0.49678553179013996,0.32911092834221967,-0.9507122569908267,0.2995565227451925,-1.4408653006824859
-1.0,0.6009378752662915,-1.0,-1.0,0.8682243697147465,1.0,11.369120552051832
1.0,0.8321964132816532,1.0,1.0,-0.7741903066777911,-0.468081709391006,4.483334162042825
-1.0,-0.7107539178050934,-1.0,-0.4262336177759021,-0.09892160398400973,-0.31641759411658277,-1.9090095568082301
0.25882601771083447,-1.0,0.3362762069952378,0.25187319108452944,-1.0,-0.31651169544113605,3.756917837875222
-0.2518954138349503,-0.06470683727855375,-0.6211861356944688,-1.0,-1.0,-0.1463543826333099,0.7348725614116146
-0.14055124410208686,-0.498364665639632,1.0,0.7539871104114872,-0.7729091323776729,-0.40344281967965245,-1.707671309607933
0.06555104290480451,-0.1415608565869162,0.07145416313494485,-0.6615762818536999,0.4650520523512274,0.47488683049799163,0.2432701542805417
-1.0,0.42292629142214205,-1.0,-0.20869746063235706,0.5719442801936777,0.8649036508673236,6.939187069867665
-1.0,-0.7249730578794349,0.6163175541428949,0.05964048676288192,0.17719183417771123,1.0,-1.6579330235083742
1.0,-0.7800682400561375,-0.05972489271050241,-0.09991802103581182,0.573836689661478,-0.26324789700578655,-0.860861806789252
-1.0,-0.7456469668453928,-0.362423089261396,-1.0,0.23780209675480024,-1.0,4.7924678041615385
0.9368182700077802,0.33765732113705327,0.3141705462796638,1.0,0.21160446532897526,1.0,1.12519240979506
-0.2748551051951318,-0.29607509592300696,-1.0,-0.146821932356622,-0.5772689168776776,0.061609445349850134,-0.9488297938060102
-0.02884394647966304,-0.171152749974276,-1.0,-0.3651647607587235,-0.07618495380896861,0.18219720601360467,-0.06222988943791932
-0.5509661226586742,-1.0,-0.1306930012122689,-1.0,0.5202140966199055,0.14518931236669674,-1.3592883994174483
1.0,1.0,0.7051631111044911,0.02388235851784712,-0.18076592325191154,-0.49713429590610914,0.23020651089856714
-0.2462880456181639,0.803682317455691,-0.35467113525352095,1.0,-0.7321461136665229,-1.0,3.3051895700181566
-0.6365612904683504,1.0,-1.0,-0.779087000603018,0.3453682275484471,-0.05010512303961584,1.6456972777632912
-0.12493120096058208,-0.26344589693945053,-0.961840674104004,-1.0,-0.5877718250787043,0.49441159896734466,0.5023289845480665
-0.990307457744739,-0.02787009293377768,0.24877418497283954,0.04581367898398092,0.5203484310286131,1.0,2.5373861706964407
1.0,0.7086271469843688,0.6761943302041888,1.0,-0.6716385895888995,0.2770676697610791,2.3755182212229045
-1.0,-0.7948914432265178,-0.9169868896030362,-0.3040205502078509,-0.568769700888641,-1.0,4.121137544534971
0.5971156573278749,0.6368172746773848,-0.11798560093661958,-0.14410623719981316,0.3409804643270269,-1.0,2.061062208321948
0.09541436625495281,1.0,1.0,1.0,-0.07074721821738628,-0.5427235207732417,-2.660352986269072
0.816750189633213,1.0,0.9706371220859353,1.0,0.2998250975023151,-0.7592951256554159,-1.2295582209432767
-0.943191118589966,0.7953534283183282,1.0,0.2203751280122479,1.0,-0.7815443916966981,-0.910667277866378
0.3363425002533271,0.06705766672539162,0.004467931651087609,-1.0,-0.06690408999328445,-1.0,3.620572819542388
-0.6344438332634669,-0.09319302557228765,0.5840033226350312,-0.15874149453084374,-0.04322596400727744,0.09779264747320282,-0.3351060293190635
0.4964602147253849,-0.16615708532307938,0.10030869774369244,-0.17993699825790588,-1.0,-0.8470017007453206,3.785244872353341
0.413606978306468,0.9377124846824862,0.02510070368880951,-0.02473752394849349,0.5886720713497477,0.4411520904888535,1.2309782176982862
1.0,0.24757731265381766,1.0,1.0,0.5574661700070037,1.0,-6.0625857866437185
0.48867211964052415,1.0,0.26272186930756836,0.05536717782862555,-1.0,0.5427565029944806,2.2578018633942385
-1.0,0.09007332316641736,-1.0,-0.37150733160235305,-0.9837108191222159,-0.5764497791827214,-1.82919845963552
0.8834921226088048,1.0,0.37780436815267393,0.46431572576944147,0.5601420830448448,0.22619443123582106,-3.6593655323695695
0.3612712093968308,-0.4035102484995405,1.0,-1.0,-1.0,-1.0,4.365692827257353
-1.0,-0.1721233376298239,-0.8049719668525225,-1.0,0.6204140718342184,0.7394797282186414,2.114859144619741
-1.0,-1.0,-0.4717964520635549,-0.6860369770281995,0.09864339238928088,-0.10979811462422051,-2.824096011963211
0.7775552901013445,0.8231116809186609,0.8734502226766876,1.0,-1.0,-0.02278102520801717,3.3111328494558157
-1.0,-0.8698904131176715,-0.8264592727922973,-1.0,0.16392687160111008,1.0,-1.2923315914981206
0.7891126569843886,-0.1264161247462794,-1.0,-0.7427449287711668,-0.5148788755972642,-0.444377962146679,1.7288134870302634
0.448361493984455,-0.1025686447255143,-1.0,-0.8420296842105903,0.3278032075437036,-0.513319829223984,-0.5783326747606339
0.3179115885788424,0.14730732930061752,-0.033313308801709504,-0.64481109380328,0.5583947889990277,1.0,2.764067941485771
0.7927474134756491,1.0,-0.18666231592417382,0.2120229223435549,0.3000454711831133,0.002162246315689953,0.31591088124462796
0.7926815154186058,0.11247461744288123,0.8373954526834706,1.0,0.3204545300074537,1.0,-2.4830489216309104
0.12113563734277422,-0.7281641815155904,-1.0,-0.2303950556462464,0.0784409709717171,-1.0,3.2689031225346246
0.7435877136683281,0.3436096158535691,1.0,0.2512086106665544,1.0,0.963090413957381,-3.372554851116646
-1.0,-0.5393853955726696,-1.0,-1.0,-0.22632769457309587,-1.0,5.312061147434337
0.8194647641974472,0.15445124916223527,0.8417969474829101,-0.6144382225998253,0.9077904256028564,0.6919030327425644,-2.7712754022649224
0.23949726808255334,-0.5555693519707692,-0.6996187947215383,0.12212478298182383,1.0,0.42058434461759187,-0.5072929903833682
-0.5190806827301052,0.3611448370636953,-0.050601789668153374,-1.0,0.32957292150045164,0.1801441964706666,1.2198263214140215
1.0,1.0,1.0,0.20960909411119277,0.3824952650958169,-0.7542030203762315,-1.4011799720729528
1.0,1.0,0.5544377993112296,0.754816889868341,-1.0,0.048516823105825,2.827579967318058
-0.505993616797517,0.4082288106922693,-0.9415492840091945,-1.0,-0.8207793599924591,-0.13209985251483047,-1.1701642956556844
-1.0,-0.4067421153459345,-1.0,-1.0,0.3924018646483043,-0.890760016774833,3.801862941358821
0.9645540490913418,-0.0829492515239503,1.0,-0.21664707119556828,-0.7336370768841667,-0.7734539552907549,6.132271225736377
0.6747778441525061,-0.056658557286835665,-0.7692714855126104,-0.17806824220151612,0.053956720582819306,-0.43334897402846717,0.18574087532680955
1.0,0.7133246451225572,1.0,0.869847501662449,-0.8186404405991179,-0.5578514657244094,5.162866245735516
0.23458031676574093,0.5730420506246817,0.1505531123247993,-0.44426489118998647,0.30497022501221793,1.0,3.9418895296306
0.39423855806258795,0.08136844512991703,-1.0,-0.18655260390526385,-0.2595294041101811,0.6192038977369475,2.1334536466244556
0.6937779617822306,0.24688613954718627,1.0,0.6510401334580086,0.7540593499909365,0.519316232934634,-2.965477543057627
1.0,-0.15369389369129371,0.7676393427617623,-0.004449852371232965,0.3571090059278467,1.0,-1.8378814041236666
-1.0,-1.0,-0.7326114897967296,-0.7561349194278577,0.026763901907500554,-0.3106167052027027,-2.0557150669527546
0.35136602369957814,-0.225282487429859,0.8577066902709563,0.09808412782748455,0.6795500273552555,0.24663726633649763,-0.9351533019869719
0.501002418329785,-0.1172286351295315,1.0,-0.03941667509383562,0.5439564802490178,1.0,-3.163382745165836
0.11192282541018997,-1.0,-0.8503849625896366,-1.0,0.9407674566198398,0.774807797933601,-2.823942306338327
0.5681130840282537,-0.12235642507967692,1.0,0.6404291292246216,-0.6633015404159815,-0.7836573341059109,2.8224996187638975
0.6253152648311211,0.12691722974133166,-0.10002990529387568,-0.5352327097033103,0.5024899170618444,-0.610834498988231,-0.14969900382093956
-0.8104755289360304,-0.37932425336493414,0.03834840122516908,-0.2562757436309032,0.3330246117971567,0.8818956865883596,0.8830180300586741
-0.12028191067060279,-0.8064003668053228,-1.0,-0.28664196935057995,0.20662511879594866,0.8000298107698722,0.4550477172199232
0.18799220781843068,1.0,0.5290515429093918,0.2891303907303726,-1.0,-0.7848001967362759,0.10115275355606124
-1.0,-0.024485314322487906,-1.0,-0.4661599490998659,0.237167913924081,0.5421312959218685,1.6134997701258178
0.7775991917255374,0.6636374800133564,-0.0601602877680502,1.0,1.0,0.9654584729008449,1.0581760091941357
1.0,0.5399988439046302,1.0,0.8256659692043737,-0.0711903826670206,-0.9514040376308677,3.2961683106496977
-0.2813855722481037,-1.0,-1.0,0.6497444743508192,1.0,0.9682562494422895,4.20989619160724
-1.0,-0.8188960994797094,-0.07067146200186492,-0.7036547725391147,1.0,0.8350140882385559,3.1508755843543836
1.0,1.0,0.4007681285807547,0.20723571955386189,1.0,1.0,-0.15631225877371663
-1.0,-0.719868583256345,-1.0,-1.0,0.7648206385626936,0.6913743830966752,-1.1485882475719111
-0.14115428945731667,-0.43249626388257556,-0.6398587671259064,-1.0,-1.0,-1.0,2.2980656217378534
0.16079383719301243,0.8967368431297276,0.5732724382728565,1.0,0.6648833659945319,1.0,-0.2269350842502682
-1.0,-0.7530164372946622,-0.7795876929696925,0.17313387850656242,1.0,1.0,6.268139992006553
-1.0,-0.2970588254647406,-1.0,-0.29922377715225523,0.6894488981386233,1.0,6.765200779392982
-0.4468438309939007,-1.0,-0.8128339204928512,0.8743534521906213,-0.407479508467425,-1.0,-0.021252433014957828
-0.8891893412079972,-0.1507576180728203,-1.0,0.4889891071070905,0.4536316080428233,0.3601256458004263,1.4743489229361106
1.0,0.5999446335658928,0.8970275856980294,-0.6302939546849815,1.0,-0.20910334511315237,-1.257706486418398
-0.925667151747809,-0.20584719861673872,-0.3308562648137837,-1.0,0.3795413386669457,0.48928564989297074,1.4880414904611414
-1.0,-1.0,0.14442288668017444,-1.0,-0.9151256795331897,-0.5776716106422546,5.0583083418450885
0.6398419022121409,0.5840543558086118,1.0,0.6412967104650714,1.0,0.814638949896112,-4.590048816048075
-0.35838562052413625,-1.0,-0.5345012563083533,-0.2879499913544177,1.0,-0.03974864619307192,-0.406071028083305
0.7047116436549019,0.6816888802184238,0.09102008439720907,0.4727439109323976,0.1786664743188462,1.0,3.1988781494085576
0.18647120471531842,-0.9923784809169194,-1.0,0.03284952287877779,-0.6314655207418702,-0.7429601564860219,-0.18094393126158861
-1.0,-0.6329200791503928,-0.3508932998279809,-0.1216906801639892,-1.0,-1.0,-0.1737393178390992
-1.0,-0.8451946855160266,-0.47033328900322824,0.09626023070683015,-0.1555740321589678,-0.3911117796653691,-1.137408546994334
0.37053170259554113,0.7320500027055072,-0.5838854600198904,-0.42534069801478486,0.16170134353945875,-0.033338108171928615,0.28074607316429756
-0.057874495557156846,-1.0,0.582933427944255,-0.24247197110242263,-0.15164949277868578,-1.0,5.568689155940717
1.0,0.38671287616108363,-0.14692045897935868,0.7004374510692448,0.8906790673896239,1.0,-0.056177206209364616
0.2304756734770934,-0.34905661800817533,-1.0,-0.2619375060460289,-1.0,-1.0,2.8736607571661668
0.44510046633325784,0.9116485822920584,0.6921427655631052,0.9044815407248066,0.6692185872548454,1.0,-0.8063028279253874
1.0,0.8053488960953106,1.0,-0.08508213494260414,-1.0,-0.5171105010459418,2.61979099005303
0.6642002602406286,1.0,0.05085636700774254,1.0,-0.33275827431262195,-0.05789858183769225,1.696028392804908
-0.3027147821160606,1.0,1.0,-0.046384354352662416,0.12624096569500132,-1.0,-1.7234273545152667
1.0,0.009583962749134312,0.8038083267750845,0.10035147622437934,-0.9973425320720398,-0.29274349337733707,4.831570153091255
-0.2627379735259975,-1.0,0.15790222449233343,-0.742049141837998,-0.38751749629015153,-0.35583563858587275,1.7808529888034825
-0.739936162690643,-0.1440343486816254,-0.24755769879974043,-0.20770578484492747,0.29411282109054127,0.26393563131790987,-1.6821301425165824
-1.0,-0.36029102562339343,-0.291140514412199,-0.4726411763005866,-1.0,-1.0,0.36181532434289176
0.8547550819193802,0.6943918032112077,-0.8036146527565038,-0.29068544790803064,-1.0,0.7667711868415972,6.299469533221745
1.0,0.31510833103879,0.8225218385357141,0.8289879848718629,-0.17190745145492214,0.5168212101673324,-1.387076863648814
1.0,0.7119315801178001,1.0,0.8546004933316778,-1.0,1.0,2.784569033833106
0.7285683743975186,0.5776600723676624,-0.27173981487287296,0.8315142240362892,-0.40842225971732227,-0.6713314308458941,3.1228894552430684
1.0,0.7543839454632375,1.0,0.2166580251847956,-1.0,-0.3989702628001326,3.806312721100011
0.9500280951138033,-1.0,-1.0,-0.5583906860536239,-0.4488733345812131,0.033030193784062134,0.9654043367256255
-0.8863553940534405,-0.2240660272722545,-0.22771386154732864,-1.0,-1.0,-0.37159372279026226,-0.03226228318563096
-0.4685875488047708,-0.021042785255536822,-0.10850440198893141,-0.9409870184990732,-0.7438156909449585,0.488233631676018,0.965012203976461
0.2962006044429686,-0.8148570692335234,-1.0,-1.0,-1.0,-1.0,6.500141650414492
0.3838297253724055,0.44029710410868683,-0.2894914913917468,1.0,-0.6508276892995292,0.15030196999207518,0.4360487399744326
-1.0,0.10519468615840843,0.6778751056778392,0.2900818635800196,0.5907617187005356,0.13900156379164838,0.19009469201054535
-1.0,-1.0,-0.6099199859454223,-0.28725543570304723,1.0,1.0,2.777557497027203
-1.0,-1.0,-0.07254749495789525,-1.0,1.0,0.483387812006447,0.822544953467665
0.7751653076815772,0.8575823471310304,0.2767385225571667,1.0,-0.9781661777149138,0.25544537794569716,3.9916251246192176
1.0,0.10745670357544457,0.8259683752228324,0.2482722705085308,-0.167414688091113,-0.9734215207531488,4.662645231770074
1.0,1.0,1.0,0.013005329370604057,-0.09697920556522777,-0.6969943894195264,-0.141807021456166
-0.39717712144866685,-1.0,0.12817369145025542,-1.0,-0.8448185249864908,-1.0,7.062845151490493
-1.0,-0.18091936459339686,0.570221870437925,-0.3911846250022997,-0.5323557614115896,0.4009381989619708,-2.6167731534080176
-0.7046707574370518,-0.8531509673060951,0.40672503938886373,-0.13722050769971533,-0.710869736240362,-1.0,3.8697354812739126
0.3231032872692384,1.0,0.3940325076086856,-0.3781605268353789,0.8250912862881065,-1.0,-0.0465717856112713
-0.6669478401793406,0.576890135250981,0.24310686867064596,-0.7359175985371254,-1.0,-0.15374335656881977,-0.6153782682673805
0.20634484444283124,-1.0,-0.4482385523607698,-1.0,0.6406227587530864,1.0,-2.0792646996683777
-0.8874924222241267,-0.3863934260492563,0.5566912372092834,-0.18829866243623128,1.0,1.0,3.1644845833853363
0.45865414144537964,1.0,0.000865026351017005,0.09631735368198269,1.0,0.7660239199062208,1.3361729256980526
0.6902808873896282,0.40286595062297753,1.0,-0.4226899613615139,-0.4129921091952052,0.07332733107028451,0.6960434439682162
-1.0,-0.3706382306146595,0.6193346339938897,-0.9012030312001729,1.0,1.0,2.080842071730702
-0.5599356910735739,0.5191007105110379,-0.0780212799511667,1.0,-0.6045521309895516,-1.0,2.9013980296772517
0.9587579657084849,1.0,1.0,-0.031012017997427477,0.05201425505821444,0.33589070600021476,-2.3222727107733903
-1.0,-1.0,-1.0,-1.0,-0.6142744257033554,-1.0,3.537107932622604
1.0,0.24641812462724366,0.21454854160795334,-0.5076182764725861,-0.499348109506241,-0.5821914915416502,3.4717410817641854
-1.0,-1.0,-0.7667564761665756,-1.0,-1.0,-0.14719631371009323,0.0058379816838141085
0.7827797980692641,1.0,0.12779487690143054,1.0,-0.4762994156168782,1.0,4.613489881960466
0.010414078553890328,-1.0,-0.1931239092302368,-0.869166718179601,-0.7765023641181689,-0.09189105737482425,3.5394817074517064
-0.036162939072429456,0.0040286955512290334,-0.8778976337401632,-0.3419984398214767,0.8620324295700548,-0.40300534368135477,-0.6421289867637078
-1.0,0.09097541516559793,-0.3939340103119044,0.2897346086975202,0.08432455245395387,-0.6346342956989717,1.2596970247391006
0.029085345946306518,-0.14750709676310558,1.0,0.543537129952194,0.420239293536096,0.46754414766214336,-1.5145818206492765
1.0,1.0,0.270279980980328,0.5351259050822713,0.8069718757030737,-0.21897882587086398,-1.7613916853856146
-0.06953081325166888,0.6619460385804767,-0.6733282725298952,0.5538547014449837,-1.0,-1.0,1.5877101919431382
-0.7083801870028332,-0.8988125343109867,0.26124351531390566,-1.0,-1.0,-1.0,5.989270346122209
-1.0,-0.11687797534576061,-0.9052224733883882,0.35889617769097926,0.845811581780006,0.5886900080849256,1.998388069685498
-0.48671833064704206,-0.9500729306729083,-0.3749183823484148,0.25366968025273806,-1.0,-0.5056921281102074,-1.2091704687234026
-1.0,-0.9816703076322177,-0.575357170506483,0.36935428844174467,0.8304448120968785,-0.49697974644021997,0.7048370458230515
0.099911651951192,1.0,0.7683064574517402,0.10078509991850582,-1.0,-0.9636537604125958,-1.5193807026443988
0.5170071449042613,0.6241199501641369,-1.0,-0.6927469173576527,0.2714848555278759,-0.024439800472374595,0.04180464030429942
-0.30168889939049753,1.0,1.0,0.2258958691913966,1.0,1.0,-0.6690574540717048
-0.8756247679608582,0.1311616265500174,-1.0,0.622117288142347,1.0,0.9584605182092156,7.840699119380625
1.0,0.457188136952406,0.30614265636087334,0.8252312732668006,-0.387056654143651,-0.20937018237778815,2.2604298657961928
-0.5154038717580872,-0.48425308311650095,-0.4429345605533759,-0.8479866819064,-0.7852826251601325,-0.5150499025058555,0.1664324725187568
-0.1740977035863292,-1.0,-0.9579221305908141,-0.9390318645452456,0.9040261216297165,0.37116885843004965,-4.206507582052213
-1.0,0.8642409629405555,0.6913304822679116,-0.8197695328509843,-0.4823981177162822,0.5069421284301283,-3.0299731099517593
-1.0,-1.0,-0.9000562391071243,0.08844270630205137,-0.31339836871684135,-1.0,2.1812347664156753
-1.0,0.4230211639515469,-1.0,-0.8047822899066897,1.0,0.8214585098892727,6.71008491313611
0.660330794673716,0.29168696811168027,1.0,1.0,-1.0,-0.04711020524141163,1.6323589836589885
-0.3633829051517423,-1.0,-0.05019434916764154,-1.0,-0.5347396505785036,0.2560198059755676,0.6572664312297289
0.15683918715562217,0.8993126282430317,0.5394405210779522,-0.44514855790960545,1.0,0.21772539256579337,-0.3821205938964315
-0.9593821416807631,-1.0,-0.11778584345605148,-0.6367569333937184,-0.26083520458860593,-0.38667152339297245,-0.674813535884071
-0.8512645450542334,-1.0,-1.0,-1.0,0.46770618017553534,0.5357416302632162,-6.131991142456698
0.5082778017602766,0.5305934813563025,-0.260069000824372,-1.0,0.5571628513415716,1.0,5.070710978671054
-0.2112898257278859,-0.8737768867862972,-0.25393953368070754,-0.7332657683467247,-1.0,0.03963926106829391,1.7440849059136498
-1.0,-1.0,-0.4895756938835887,-1.0,0.04308636521176257,-0.8685832130482272,2.2422956510038494
0.11591406289079259,-0.3942611786863426,0.3021758499659282,-0.3265681641624122,0.42854748391332553,-1.0,3.5103649823097007
0.3228803701774159,-0.08751799329735824,-0.047434068077787606,1.0,-1.0,-0.6334508954584694,2.070683440051636
-0.8257203765291758,0.9085992293073516,1.0,1.0,-1.0,-1.0,-0.6555810886641867
-1.0,0.35221331249239474,-0.12400623828790025,0.12052987294947282,-0.05472906259165623,-0.008639864893405957,0.3506585039441147
1.0,1.0,-0.237804391492202,-0.17529346812409785,0.47707289038553036,-0.5252312089914976,-0.2962509398573829
0.4499855842578122,0.9485700559514871,0.1662664657309556,1.0,0.8499284423038648,1.0,1.1526541601452662
0.9129473156971657,-0.4975729151985417,1.0,1.0,0.8982334077779326,1.0,-4.680391080661253
-0.23543533636213398,-1.0,0.24824480098241916,-1.0,0.5298836568414115,-0.035132711466872635,0.6661024588092708
0.6224514480209401,-0.751926428199342,-0.3764149339136095,-0.3832417287576818,-0.4928046991624605,-0.4021829647819044,1.249296619841361
0.17476136160561107,-0.6263627801855565,0.2705095420798609,-0.1110925839892285,-0.6282523695512163,-0.47324243619867123,0.7846048304639015
1.0,-0.14420219143139992,1.0,1.0,-0.7168164129989457,0.959047426582975,0.44218055269323775
0.70149681716431,0.7748091272932236,-1.0,-1.0,-0.45449843392903344,-1.0,1.1330321959773557
0.7438507318068037,0.31199804463856035,0.7490018829018177,-0.6290866176864893,0.31392239049764514,0.06802932716731847,0.3598345705021797
1.0,1.0,0.32577597426818594,0.7488636140624142,-1.0,0.7555866408416608,4.379436555905411
0.20774744902463826,1.0,0.4252054388133413,1.0,-0.9005204275349693,-0.2633243520255471,2.772203592707524
0.9150241576825446,0.9283941530413556,1.0,-0.6614969585794824,-0.8628624891678692,0.2045296193142837,2.108639455801282
0.705564345114456,1.0,0.5036454083500146,0.35826624562433484,-0.7831109897552568,-0.4935052711918806,2.355428161754943
0.32522476675524653,-1.0,0.3914030008362175,0.6689312761595153,-0.7282880607156168,0.1312635429879183,2.69460235697016
1.0,0.4474978526666985,0.030873543967839923,0.06540318897224828,-0.005602435346286572,-0.014799535295314747,-0.18750397557635484
0.9822670987678342,1.0,-0.19485204111262394,0.7457340177793321,-0.07335356998820064,1.0,3.7037811911429834
0.9749833638056709,0.18471162484239567,0.6911191438839679,0.005882821552604112,0.4293790927726187,0.45159125982456055,-1.3556354262745562
0.19267044864742622,0.4184862294098346,1.0,0.9545194123526655,-0.5244733004832294,-0.16525987308888257,-0.6189277637719465
1.0,0.43525542704767894,0.5766141542762037,0.3244629474722749,-0.6629673289271105,-1.0,7.000749326265234
0.8280342589417412,0.6689400809932315,1.0,1.0,1.0,0.7741374079473669,-6.4682205642088
-0.7635611609119334,-1.0,-1.0,-0.7785983225981412,-1.0,-0.9910957226854482,2.4726759042661617
0.9343527505969018,0.498750922107142,1.0,1.0,-0.18684484852596006,-1.0,3.85942106310567
-0.041562787648220856,0.10006238794436728,-0.4668965450731847,1.0,0.7926199588378309,0.24022388356143226,0.7672739988749001
1.0,0.04809762264549455,1.0,0.012897759472853432,-0.05440472219663148,-0.670360155385187,1.871262827424206
-0.8178883932518249,-0.7742372681433268,0.648728430791339,-0.5370284553364574,-0.4516160520862026,0.9061852496577565,-3.6218860724559803
-1.0,-0.43953784968705567,-1.0,-1.0,-1.0,-1.0,3.4436279315709024
-1.0,-0.18906075465657454,0.6736213023818753,0.3896781666804811,-0.3248760176661831,-1.0,2.5046665181629835
0.023320565112573743,0.1871189461878398,-0.22571301444479658,0.5187471117151496,1.0,-0.1457912132538679,0.45014511435995935
-0.9445875723229324,-0.47166275084521514,-1.0,-1.0,0.28761827627567016,0.16150665681699006,-2.9053703837833735
0.30463186845627854,0.23058472629974525,1.0,0.6399105154301201,1.0,1.0,-2.185495496735693
-0.5052084101451225,0.16996207732162832,-0.7533241549568884,0.15430485252139134,1.0,1.0,7.439422817151519
0.8702284272576587,0.22083068539824424,0.9716973066805653,0.1100072303638644,-0.9426533610033719,-0.7459325588671639,5.162825809292557
-1.0,0.8008925120022162,-1.0,0.8983891136178724,0.2263285693295064,-0.29417723272717244,0.18435498924713462
1.0,1.0,0.5989393990699277,0.9619598935477589,-0.2760311922208082,0.8564529061553539,0.9509434804483269
1.0,0.14600402126418754,1.0,0.7818278992658543,0.38713191388057056,-1.0,0.7774733158731858
-1.0,-1.0,-0.0814277712544891,-0.7241641269243597,-0.31427417866251295,-1.0,4.339945260578558
0.9455702445081635,-0.8039587556520853,-1.0,-0.5256114295295351,-1.0,-0.706077061059153,7.67232440451056
-0.009327374444289702,1.0,-0.6415412896369321,-0.059191133994189404,0.17390395589738933,-0.4643466663808915,0.8167550432025424
-0.4010395735814706,-0.6257088370690312,0.010010877146190311,-1.0,-0.007478394097198526,-0.20822681416123756,-0.1633608699127908
-0.39777260201440273,0.9056778249493839,0.7506467111986063,0.22706309488203064,-0.32330470536580846,0.9022423475540875,-1.8339345775520313
-1.0,-0.32885379533031744,-0.9191306355021853,-0.6418533171159427,-0.043978389566648346,0.5369683673682728,0.03133387272150176
1.0,0.5587540048668002,0.07884106995293333,0.9109512623440059,0.8948250072581788,1.0,0.417579281136689
0.1473221729573834,0.06721949725995113,1.0,-0.1588543327075821,-0.10063916247799543,0.08602704036988762,-0.6820746182523316
-0.12187003905248356,1.0,0.6375477108790694,1.0,-1.0,-0.11401421131782352,-0.5819616444546232
0.4348543622493347,-0.8577778524051562,0.5928604176073121,0.0372592184377023,-0.7652685045286509,-1.0,7.505674182538766
1.0,1.0,0.41285928022910223,0.6596986448202463,-0.8565089616285423,-0.5861395389770624,4.457444174227588
0.19179700064561334,1.0,0.24667389206827228,1.0,1.0,1.0,2.469638233504479
1.0,1.0,1.0,0.42945075173497627,1.0,1.0,-7.274762030721539
0.11986619549067279,-1.0,-0.29260031378825024,-1.0,1.0,0.3804058052265882,-1.1895683165942925
-0.044345729677835344,-0.7868128217436875,-1.0,-1.0,0.24493604026361204,-0.6178022255099388,-0.9983099663254091
-1.0,-0.719778332879763,0.12753460011520745,-0.3909856077388588,-0.7827236022787952,-1.0,1.5070690116071912
-0.8985318895418724,-0.05068553254831215,1.0,-1.0,-0.6041351889166713,-1.0,-0.8746587753825491
0.25179098180657544,1.0,-0.15386223359361906,-0.32915763336891296,0.16703791522179712,-0.12015879967663645,-0.6363646384769608
-0.07324526524452435,-1.0,-1.0,-0.7142199790685806,-0.9691114922609894,-0.9176402674538465,3.9549992877587234
-1.0,-1.0,0.11620124625466043,-0.6513319752522572,-0.147371438119562,0.7042715826796264,-1.6678860413330128
0.16946214994422348,0.616239256869555,-1.0,-0.003162613225141442,0.5305911223935984,0.4734848239911551,1.7762793592106276
-0.2404061470891221,-0.7728042296888031,-0.5126605848741113,-0.24779252158448925,1.0,1.0,3.3358710540931886
-1.0,-1.0,-0.6433450021267693,-1.0,0.1580466086012905,0.7689822708399082,-4.494741461677073
-1.0,-0.16665142194004762,0.43729358573427995,0.03298095450830174,-1.0,-1.0,-1.5361083344792075
0.5669497032997559,0.3344087352940791,0.32509149289489514,-1.0,0.5663562002260494,-1.0,3.7187665226983047
-0.702740007759654,-0.7295267433711343,-0.8971928230647936,-0.2869279650942831,-0.17971269224042752,-1.0,4.186725908532458
1.0,1.0,1.0,1.0,0.6635026779395399,-1.0,-3.8220274616874663
-0.21741547592149835,0.5397038061685757,-1.0,-0.04079921840041012,-0.4395876011223878,-1.0,3.3536391243282857
-0.11499545322874,0.10707991513162723,-0.666039929344356,-1.0,-1.0,-1.0,1.5044131493533865
-0.014892476528290732,-1.0,-1.0,-0.6475962022934563,-0.35808986556186706,0.02218093834458329,-1.6331734945066976
-1.0,-1.0,1.0,1.0,0.978930113773388,0.24059618724846465,-1.9867033325305599
0.40041449497974435,0.31618922898715773,0.43610221419581685,0.25738131631719396,-1.0,0.8303426482479722,2.851068395769815
0.012686611483941457,1.0,1.0,0.8292450043982174,0.5142982882483805,1.0,-6.221752337737259
-0.4129163993612899,-1.0,0.14069073103261642,-0.3092129898708817,-0.78580009141506,-1.0,4.223965418146831
-1.0,-0.921596076115528,-0.7913202288974758,-1.0,0.2670680116233688,0.9335911406690574,-2.489402148684558
-1.0,-0.5395921481491726,-0.8031889789353899,-1.0,0.11816569618077542,-0.2889570881684264,-1.3853898341143682
0.26214857959184745,1.0,1.0,-0.09804282637647066,0.6193661895423316,0.2803227194202099,-2.590950672555319
-0.3788711230170132,0.19710256007475546,0.25557883860037656,-0.17026752311163218,-1.0,-1.0,-0.2966166906240464
1.0,0.8229950888364468,0.5776526208798558,0.9035315702014617,-1.0,-0.09320690086691763,4.5298439983641945
0.9735752666123237,0.10583598218183532,0.04795338065008117,0.14897598243434199,-0.36476695881068577,-0.7476383615922689,3.829382458362126
1.0,1.0,1.0,0.28697715950683467,-1.0,-0.7530763944123705,4.029114001351449
1.0,-0.012016324676364598,-1.0,0.357178968849733,-0.529423219379296,-0.6819709927853819,2.40412826971685
-0.40741641094209413,-0.09783293046352637,0.40366397908541957,0.10364202393035299,1.0,0.08134566774652652,0.6565791294792815
-0.85814360121792,-0.44721084078586887,-0.14039547998296886,-1.0,-1.0,-0.31518251159438093,0.8750887876119795
0.4229105993540012,1.0,0.3857815112208536,1.0,1.0,0.8112257084803454,-1.808818915099354
0.9770323234452873,1.0,0.6746367584757657,1.0,-0.7547966491980612,-1.0,8.35236673928375
0.8346456369364921,-0.658647568378626,-0.8573312721278141,-0.877206752548319,0.2343746115632271,-1.0,3.1443418680070945
0.3175115525694939,0.31144936949835894,-0.9197006971541795,-0.10415050889416189,-0.3143949069792169,0.4638794302809234,0.6153960700788792
1.0,0.6977280547231246,0.1980572924972296,1.0,0.4698647967843579,-0.35770156132942316,-0.008875024096906242
-1.0,-0.7892350854977981,-1.0,-0.30243133562192237,0.543424053767034,1.0,5.811716598496095
-0.8078817932440305,-0.5307743606039,0.41251267763918975,-0.3938828239513572,-0.226995473674526,1.0,-0.6559665255249786
-1.0,-0.2390636252491145,-1.0,-1.0,1.0,0.000821382240915769,-1.032042014539389
0.11251682371362903,-1.0,-0.9456167483096711,-1.0,0.8226391475221293,1.0,-2.0381120491795985
-0.42540201191092086,0.1504267957967954,0.05025559840801625,-1.0,0.4429643645841646,-1.0,4.078339342487785
-0.08322693857664187,-0.9306494886597987,-1.0,-0.8027469777458024,-0.4674468542233187,0.17580698827352703,-1.8350745447299857
-0.15711859985803944,0.6377150921629127,-1.0,-0.7661559798050523,0.5084252349940055,0.4570804142709171,2.2769000821017804
-0.7814641141717147,-0.2985745605235694,-0.31993265861011566,-0.8688906587226033,-0.8785228465943157,-1.0,1.9293395932056678
1.0,-0.23760166091105958,-0.3103989786244393,0.7909195773656997,0.3129950562550794,0.19694429376361366,-0.1869431757930774
-0.5921252076936386,0.5336501817351798,0.1613585991589368,-1.0,0.5264541716004121,-0.3337775225838425,1.1391873568739561
-1.0,1.0,-0.4361160202066837,-0.157559805334207,0.05575046960775493,0.430849349072944,2.253129444658046
0.701462154921759,0.33407926259033593,0.12520732365185722,0.43709794163475313,0.31843290584510453,-1.0,2.593693582618058
-1.0,-0.1788132475162199,0.327372252565452,0.02611123062134174,-1.0,-0.6506438324398397,-2.4340052031070796
-1.0,-0.5290176301482227,-0.3649301578565945,-0.015503845977772435,0.17693231763913045,0.6163483307632163,0.5343768635109082
-0.5473767589691789,-0.8911991078810475,-0.8975080107983937,-0.8060576027238497,0.28887934381305636,1.0,0.4822367987639652
-1.0,0.025398093449307893,-0.7149269200219919,-0.9622790525489076,0.9245475740107159,1.0,7.59194416906016
-0.8027822041462669,0.3822717459853301,0.33827645394523514,-1.0,0.11101554078912754,0.061454984038866955,0.5027814465471098
0.7000992632359486,-0.06979842261996133,1.0,-0.15595089827744746,-0.6026810210177107,-1.0,5.175365921751148
0.3420856299805036,1.0,1.0,1.0,0.7915004734503589,-0.9983862457037752,-5.720323575176501
-0.012819870774064324,1.0,0.5094548765913787,1.0,-0.3749705767601248,-0.03493770395437612,-0.23321387430546503
0.18069982339249635,1.0,0.7996706256339634,1.0,-1.0,-0.008653594491206326,0.15962079224789888
0.8876036844811084,0.2171980224061419,0.22256696988655222,0.4465773456372097,0.6080055371938764,1.0,0.15419978076403218
-1.0,-1.0,0.3116831826418557,-0.002234163732679262,0.8080444207253139,0.13212696497998846,2.878233074651381
0.7065312907772014,0.34903062402920293,0.7348250969355077,1.0,-1.0,0.22588684830835992,1.8835374511140686
1.0,1.0,0.6276456907765984,-0.19889570497787668,-1.0,0.6563928083521654,3.3610428326623527
-1.0,-0.6825238794477277,-0.3898788944473565,0.3380335879150375,-0.20134070691860173,-1.0,2.78776172853074
-0.2343475756105251,1.0,-0.1527443292314266,0.4775925723015281,-1.0,-0.8229315711031815,0.5153802851364737
-0.14458671754063152,0.7655722891426093,1.0,1.0,0.721960741336433,-0.9426257400528334,-3.2422673664290977
0.9963502625073766,0.6471305052230192,0.17219687967690384,-0.21396243589699515,-1.0,-1.0,6.849909156365707
1.0,1.0,1.0,0.8527720480911649,0.6379663453851595,0.1232038880660205,-5.939545672450927
-0.35461596842663345,0.23654236391398076,-1.0,0.15307969674813082,0.8365133818994461,0.9382949843422004,7.220061458323252
0.1074405664548041,-0.4050505635951721,0.7196753421611403,0.38745719479394886,1.0,1.0,0.935277021180155
-0.22024994356647176,-0.9700486877532533,-0.47950325569523744,-1.0,-0.5279464258318407,-0.418100596171628,1.6603041489335786
1.0,0.6324537476445315,-0.5304615265468923,0.5662977823943897,-0.059646776754975206,-0.3700071672741969,2.390493729608364
0.7390631130439771,-0.5039559991228582,0.6744470003387282,-0.5555747013818537,0.4495885995158804,-1.0,4.417123680793842
1.0,0.23216966147256546,1.0,1.0,-0.5096557126983676,0.023924863718752097,2.3296062539573006
0.15509991621930674,0.8174971901709132,0.5749353586349343,0.7505635554255795,-1.0,-0.38012437159363976,1.3926831758159706
1.0,0.5560746072107251,1.0,0.8634355790592556,-0.5024106016741974,-1.0,5.835347435195344
0.3758235125865954,1.0,0.34029407073178874,0.8599429255449099,-0.4730097696981833,-0.9406100517287104,5.132268136857418
-1.0,-0.643274256449871,-1.0,-1.0,0.6515051849885298,1.0,2.699740482067265
0.016583573559575404,1.0,0.8455224325249819,1.0,0.37031793916634564,-1.0,-1.1582874521407207
-0.2278827170066885,0.2043328085636223,-0.4091800689628231,-0.6638211883708922,-0.5444160883394242,0.3090804412394185,0.8176297003919155
-0.08811321633379754,0.7213152123660858,-0.3514068855747218,-0.13573098586091897,-0.22259484145290392,-0.13264234751981108,0.4596812324442183
1.0,0.7784545225622456,0.38649989890894343,-0.30214582227050657,1.0,0.6180027080756488,-1.8149638516422453
1.0,0.17234309753839172,0.4842652573295594,0.2768694248177841,-0.16215149272340576,1.0,1.5046609646504217
-0.034610338648339914,0.4364204361334667,0.44099630323000405,-0.3852130538206346,0.4921074547672917,1.0,1.9879596311214436
0.0061989252298015884,0.4415586922243788,0.2629459608422897,0.6541342303106561,-0.08249929810259393,1.0,1.9771867656236635
-1.0,-0.6860732528291771,-1.0,-0.19497334689279655,-0.4513563876248281,-0.9237256069267483,2.9810680368528986
-0.7786063283915488,0.4743693202231357,-1.0,-0.04235043259081711,-0.14647347245039227,-0.9944220622628501,4.655165878507299
-0.8807103185514442,0.4209774832546214,-0.8556324672934459,0.751535593544542,-0.6892282319870026,-1.0,2.8811810674438494
1.0,1.0,1.0,0.7289045737746214,1.0,0.4510450446792167,-9.012882800004848
0.5957645750749421,0.4337299064322354,1.0,0.801337726093661,-0.22683987021409452,-0.4536016005942175,0.3174032921649875
0.2425756665911023,1.0,1.0,0.6493854213447832,-0.8664212449002844,-0.599934134801045,-0.3043986975670878
-1.0,-0.2993672545715341,-0.45321261659235534,-0.7013193985784848,0.0697222664325226,0.22988373549461583,-0.4050204185782897
0.9672932177832335,-0.39844719568203635,0.7540778466328241,-0.596449370342109,0.16165580262301082,-1.0,4.9730600057852845
-1.0,-1.0,-0.6938617967978885,-1.0,-0.8190863567487598,-1.0,4.495225753001048
0.7163849897304486,0.6312835120823912,0.1690562703277807,1.0,1.0,0.4042517294236231,-2.3686749601331982
-1.0,-0.49430358553559284,-0.22369236297759776,-1.0,0.2072170174269461,0.7658602535911723,-0.5194313479904995
0.3485235116439901,-0.15200517164188077,0.14747850533032625,-0.8139136983226993,0.576925826730087,1.0,1.9603001441289418
-1.0,-0.0802085363312739,0.5861288549207548,-0.8020232713593899,1.0,0.9036889854176275,3.195554475846536
-0.8763132813052465,-0.13661528041925863,-0.7750405518979557,-0.4787878811902687,0.6968070575880047,-0.8117684440959984,3.7088110232568483
-0.9558492603161206,-0.47031653045695454,-1.0,-1.0,-0.2047024852901608,0.7668684775834107,0.2234360967392696
0.10895043361621126,-1.0,-0.06255401851494816,0.24762194950440614,0.254308391036409,-0.8244903056084427,1.3616339120578886
0.01904612741483369,-1.0,-0.5487456541716209,-0.6029082551829725,-0.9436520541647051,-0.06699691806017805,1.5174932702080004
-0.26450325721124024,-1.0,-1.0,-0.36480271812190734,-0.26766691786029173,-0.2894113411322357,-2.40198107242068
-1.0,-1.0,-1.0,-0.4980061470949122,0.08618812964162026,1.0,0.9794896244907039
-0.417418324593658,-1.0,-1.0,-1.0,1.0,0.057315597123745454,-5.021730648879228
-1.0,0.15284726221480055,-0.19262716595962437,-0.3990993508845012,-1.0,-0.2802124154972929,-2.480175310491982
1.0,1.0,1.0,1.0,-0.1906321987356081,-0.05243946748073225,0.224401287270533
0.7423134033347016,1.0,0.520097723387905,1.0,0.006805584363661188,0.21185973977385952,-1.1430185207815013
0.1433086066854003,0.6516885131871514,0.020570251983293347,1.0,-0.25417622693886766,-1.0,4.695524125780274
-0.16270147910792684,0.13682798996618883,-1.0,-0.3160310554666055,-0.12240908822584415,0.19934568824443266,0.504348355757172
-1.0,-0.7241395940001509,-0.7572524706616923,-1.0,1.0,1.0,3.9351856512595154
0.053946465244986364,0.8145884633160336,0.4027829387922981,0.9846447727045013,0.5787615515093651,1.0,0.6800664596349166
-0.8007771814679965,0.5955681308748124,-0.9626691747503879,-0.27010650139342807,0.36277848119131856,0.8336516749781183,7.310884857023638
0.5211855142061734,1.0,1.0,0.6295167615688291,-0.9990206657067401,-0.2896541238374749,0.41596103780117055
0.37383719260296744,0.2680154532565373,1.0,0.8239940586407947,-0.6213272633507172,1.0,-2.3314641949920607
-0.6150255474251674,-0.49344070859117245,-0.8987539523011925,1.0,0.004641460089321203,0.5448280707484813,0.591509662780412
-1.0,1.0,-1.0,0.8748893008311598,0.370621037439806,-1.0,7.6836228967286635
-0.09755214565607179,-0.043817988736763125,0.40392058111186846,0.9509315654085846,-0.8500700484990169,-1.0,2.9632770874450625
0.3801390979445096,-0.011335684891479292,0.42663847721794923,0.14509172339181634,0.4929398713724953,0.3492814715247335,-0.8544536245082117
-0.08571662264806434,-1.0,-0.9768669863402588,-0.2740782079985802,-0.05044649240668242,0.33636755261471263,-1.756777297570547
-0.24476467830820509,-0.30854980177707914,-0.15585744369569648,1.0,0.22964061492036225,0.365546255374367,0.6939146897673385
0.44302461637556195,-1.0,-1.0,0.3070690055790045,0.8971922510367861,-0.42877136034912233,-4.619551742813711
0.9351594288651415,1.0,1.0,1.0,-0.33234277251844857,0.8427428615153115,-2.101989781318804
0.17808132601358295,1.0,0.8868140726189322,0.8735414095130468,0.3985911061544716,-0.57020169811867,-2.759993160477447
0.9935331171581373,0.13624422707783856,0.47372944298635156,-0.2759365935173811,0.05978074683684964,0.4269313484389703,0.03818682213259905
0.8619866810015279,0.40451232916123603,-0.920695961303808,-0.5672600666627803,0.14613183373354138,1.0,4.261825156442256
0.006401232519851724,-0.15913580673418098,0.8780165974808485,0.421398459670586,1.0,0.12523844768077275,-1.103231336021415
-0.9583101554625278,-0.9929376432990609,-1.0,0.2046980121094315,0.8523440908548716,-0.6493791160834873,-1.2983005724775467
1.0,0.5991612549738439,1.0,0.503393518499438,-0.5534582555131197,-1.0,6.336025441339258
1.0,-0.5578908466529788,1.0,-0.4306880712275501,0.6923232824533518,-0.6392756928445995,0.5793902426127338
0.9794495037205857,-0.32814449605400364,-0.3588560014064876,-0.4493241840627826,-0.6928687964105913,-0.30576093991794706,2.567950516014472
1.0,-0.30417763946603166,0.1752151481713377,-0.11077861153998325,0.6016034615875052,1.0,0.20979735633530894
0.8563924340281408,1.0,1.0,0.5523552824847195,-1.0,-0.9631468067328246,4.165719319602793
-0.32135724098083795,-0.7165856274694737,1.0,0.16796558144108883,-1.0,-1.0,1.7492857099659718
0.9562259155394834,1.0,0.4305660036568219,1.0,1.0,0.6941842804260241,-4.017723955596646
1.0,1.0,0.34603140103431396,0.8382529934315016,1.0,0.2511766504211277,-3.35199363478906
0.5789961759854465,-0.2846860254393991,-0.2997195183048993,0.6228802869301736,0.45791754060307827,-0.4152269781851803,0.4308418296672749
0.4394477350773611,-0.7939818627170907,-0.13200400935690793,0.6714697171555406,-1.0,-0.6678267500227492,4.128249047233654
1.0,1.0,0.11883783140809223,1.0,1.0,-0.056853654636676465,-2.235104099342876
-1.0,-1.0,-0.055370536330025866,-1.0,0.21294165402054127,-0.2576334394395543,0.9071566556313753
0.8486622250266179,1.0,1.0,0.125209534942229,-0.647709799365737,-0.4641386395955427,0.23658119653708545
1.0,-0.30882600542499805,0.18388916182664938,1.0,-0.10979590391899219,-1.0,5.367049190094233
1.0,1.0,1.0,1.0,1.0,0.6549135525186209,-11.132953131959265
0.24235059326923675,0.15766083672417597,-0.05045305088884966,-1.0,0.4971052339393436,0.2316226732688519,0.36421791480480675
0.24448811673832643,-0.6008658468313328,1.0,-0.19983116109917826,-1.0,0.8876941042557587,0.14756970641999045
0.5615829246201187,-0.3736772008025242,1.0,0.5163379920569117,-0.12417562954714723,0.4435540383758475,-0.6310019954795966
-0.1018533319950512,0.932913311099578,-0.14938282354072807,-0.12443726063108138,-0.6548536423227305,0.977342143564827,3.8057347938272086
-0.5162242155756244,-0.2864366579125608,-0.6264223872310694,0.9593098382814137,-0.22654355384288483,-0.805325418182496,0.3575547476942432
0.2663971989712475,-0.08496777804436306,0.9859909067915081,1.0,-0.7661549162148263,-1.0,1.3336535269171035
-1.0,-1.0,1.0,1.0,1.0,0.12714831999581067,-1.1958016721154652
1.0,-0.8465607108688851,-0.8881637335304111,-0.3265595920478512,0.5606520586270598,-0.6828528270341008,-0.6756922473581787
-0.2733187230019223,-1.0,-0.8928520556004711,-1.0,-0.6650603921068511,-1.0,4.123510812189058
-1.0,-0.4325013729631672,-0.29385307204144384,-1.0,-1.0,-1.0,2.568296439625216
0.5934678101788622,0.1569146735301779,0.4487798871397656,-1.0,1.0,0.9884241194826819,2.198945500704743
0.033111203573689796,-0.4423484718689368,0.5738611027532665,-1.0,1.0,0.4406532907744906,0.42150684650085185
-1.0,0.07982334003934846,-0.5568467099227354,0.2968406487489591,0.824157984031407,0.029463111438113143,2.0067404266591
0.25660070939116386,0.8729250652657649,0.8440034470465154,-0.23479546636531065,-0.022218897203791776,-0.9097730910626102,-0.1213469114188615
0.6356538592144335,0.17856947843158158,-0.009191716024948698,-0.08457463510402663,-1.0,-1.0,5.253681827504798
0.8618045038285134,0.48753139326849954,-0.27495455887778897,0.4924534450402403,-0.19309310261860857,1.0,3.4691746068384592
-0.2708720585473864,-0.0932429643115415,0.1635841622583205,0.5783647064424996,0.42049137207600906,0.05756932639475465,0.5758992665387412
-1.0,0.49907972542587264,-0.767040443041296,-0.015083146966134133,0.4218556657088173,1.0,8.334458923795978
0.3719878096177233,-0.867973981346107,1.0,1.0,-0.001899458548053845,-0.2945316103006821,1.014568239267068
-0.37840727608140906,0.3416174121525344,0.10875312808096474,-0.4897865035505583,0.30900996878477904,-0.2683104625702464,0.08352161040815603
1.0,1.0,1.0,1.0,0.5721816918335306,0.4488981665338464,-7.089153222301105
-0.21110383963573132,-0.8033206159113997,-1.0,-1.0,-0.7183637305425395,0.40873042125301356,-0.7367997161627591
0.9824348887185923,-1.0,0.32878583887052093,-0.4359453666642233,1.0,1.0,-2.4282596838003787
0.2724652343369729,-0.030759773178298533,-0.4578209253460416,-0.14361762401429568,-0.1795009091314692,-0.03746474601573546,0.04942884064302562
0.3447623940374607,1.0,1.0,0.028399485089104615,0.37204502414686996,1.0,-2.7472250301771464
0.466174908087332,-0.1481887886930473,0.1706932354825368,-0.25150354337476893,0.9334994762829585,0.567246682238917,0.005918812179111388
-0.3296672743920337,-0.07540599379726087,-1.0,-1.0,0.1720014884801876,0.11343916389382813,-0.873139273505487
0.12549174326510953,-0.22178141027611564,0.3893092141239515,0.15909026078697366,-0.448904263345335,-0.8549528757767226,2.870996359679772
-0.8084663172691369,-0.3437796991727651,-1.0,-1.0,0.025931240972087932,-0.26228809071544323,-2.5100732635387724
0.2992703621253068,-0.04797197165130418,0.616965570406995,0.2808881779192253,0.7864691710121852,-0.14525458338590555,-1.0129222610449284
1.0,1.0,0.9696341435068309,0.939801725377454,-1.0,-0.17060886423923582,3.698078620957875
0.00899136223316495,1.0,0.34816362935326034,-0.5573990728732687,-0.03910313297828219,-1.0,0.2548499494543429
-0.712326073286946,-0.8938824723881507,-0.9811498416093398,0.14228863848643508,0.3117704734990107,-1.0,3.593097043371791
-0.26668899570362825,0.1037894929834665,0.7358135108007022,0.3394483149023507,0.13022883563577192,0.2979148754244112,-0.3859001098077144
-0.9892573956257464,-1.0,-0.1327690586435466,-0.47235148730978205,-0.37114702833148233,-0.5329494235415078,-0.05014671809576554
-0.34004936932938046,-0.7953175979661977,1.0,-0.4173026014952446,-0.5090894367727188,0.3142217589346061,0.7023431642283127
-1.0,-0.9974819570527431,-0.44421607484001596,-0.22500850250439675,1.0,0.46013693007152734,0.481049133139746
-0.37577594896665006,1.0,0.6665418039885529,-0.4650155347388386,-0.5955642839753665,0.20362086602391777,-2.112114606532975
-1.0,-0.412472731430497,0.30450922967278715,-0.9753177358659031,0.0973584938065119,0.42039885906735075,-1.006682261637486
-0.20185501052395732,0.5419989791941754,-0.9904036889774605,0.17894717946068284,1.0,0.3684778702080568,1.9719889171558476
0.7934947008577004,1.0,-0.7862514391387678,-0.2547573481437977,0.25636456014253767,-0.17549269141139112,0.8611930501688015
-0.612531454625388,-0.5323168896568498,-1.0,0.09265770377320659,-1.0,0.26819823185885244,-1.949850763816079
1.0,0.8415997526680963,0.21912292734573424,0.3644762144245759,-1.0,-0.29549786671825995,3.9002806330544377
-0.24495696191545469,0.22235783795166106,0.9455029497247431,-0.11614180290280951,-0.7149766090620243,-0.2651114078470387,-0.8535471715285032
1.0,1.0,1.0,1.0,1.0,0.14546817465670592,-8.297925078613092
-0.2997757117403449,-1.0,-1.0,-0.05016467807743186,-0.8722537606835808,0.019324806996685685,-3.77190994437949
1.0,0.39343891942347275,0.971098864859123,1.0,-0.8798696143410956,-0.9401074628386561,7.404006519573689
-0.6837212345534461,0.5709085243398204,0.16556345891369595,0.09573888692225269,-0.5574694620763629,0.0633751833058222,-1.4802876429520064
0.1906748111702554,-0.0648840368433119,0.499998960903314,-1.0,0.1953708948765977,-0.14126833367954733,0.36069870881270394
1.0,-0.09666038873456317,0.040260084346702696,1.0,1.0,1.0,0.6438932593375601
-1.0,-0.4836587367355758,-0.189644313320257,-1.0,1.0,0.8656121963976913,4.963235420763642
0.5809358073792446,0.6705487079648089,0.9512968304758944,0.1272961003497597,-1.0,1.0,1.3499026558527285
-0.407438313574515,-1.0,-0.3520315330384355,-0.44325132001515055,-0.06826518564748407,0.011694237851213596,-0.7295278550885136
-0.36687848713793697,-1.0,0.9324823094860547,-0.2782371721167216,0.8123969811496661,1.0,0.6318119220279041
0.07677973905474778,-0.851463452393112,1.0,-1.0,-0.7819760950244028,0.8784783504856285,0.9971654513175711
1.0,0.33173879310334387,-0.016964621806322744,0.8129658484856612,0.5590826915632112,-0.5297094967979898,0.7342124352044759
0.55656301620806,0.0442762565194022,-1.0,-0.07882955782821194,0.8846432550600132,1.0,3.719803148175598
0.6105364076083977,0.45590578330461384,0.13730836795450402,-0.5998831407298546,0.43894275701461755,0.40354584361539114,0.22524862819045216
-0.34421241417004933,-0.017028937802401,-1.0,-0.44086732098249337,0.3089953566648761,-0.3052157852174602,-0.12917985167855528
-0.7280028412892869,-0.6218841076857051,-0.4424390925315031,0.9671904469690117,0.37436782577879035,0.1006411748790868,-0.29026339088587993
-1.0,-0.3732142827712819,-1.0,-1.0,-0.6599366905606591,0.24344176181189636,-2.8640657084013252
0.6082125444173808,0.6679403670556043,-0.6504700536315592,0.6940468441544895,0.2142047687769606,1.0,4.6380314379042
-1.0,-0.21785357426061747,0.27738049952273613,-0.21581946096983295,-0.07940981226141897,-1.0,3.519442971661906
0.7750781444640924,1.0,-0.15606340538365338,0.537381625765781,-1.0,1.0,7.992564150513638
0.411850270445773,0.18367970080834634,-0.13171101844605676,0.9021184637635976,-0.5169478960258843,-0.3979637669817921,1.7216210743653582
-1.0,-1.0,-0.43692676166242994,-1.0,-0.2457490961082934,-0.7051503709475542,0.6011599989658944
0.4403708799013252,0.8430623503369308,0.624620664338116,0.28126499865722754,1.0,1.0,0.7539588030876037
1.0,0.2573301241363233,1.0,0.3394626773283602,-0.27731017122398904,1.0,-1.5404146167155939
-0.34656119117193973,-0.6640960810893612,0.6114891199076923,-1.0,-1.0,-0.8658766008332226,6.065166101427911
-0.0050740698590377165,0.31951660333301296,-1.0,0.13941622074567553,-0.6235811067358181,-0.15302820953592478,-0.4604855438060456
-0.908910154066127,0.17412407869091623,0.5467299861173445,-0.26419932725314244,-1.0,-1.0,-1.681404512603597
-1.0,-1.0,-0.8145275218268492,-1.0,-1.0,-0.6668631833579504,2.082919173451566
-1.0,0.3329815394481929,-0.6368266914229526,-0.10580397527212099,-0.39636691697484516,-0.07171712347462711,-1.9929760474990994
0.03542289892439676,-0.3780781559273913,0.7748001518120157,0.5837136917172865,1.0,0.2580625581547544,-1.3575349328092958
0.5352415107281749,0.03313528045399056,1.0,-0.019312729822991398,0.9290669038960326,0.03368098668138075,-2.184019826563006
0.2085389492769767,-1.0,-0.09255328027537257,-0.09168996653368904,0.04300372322407078,-0.6853049141024756,1.8341637233736707
-1.0,-0.9879663478013936,-0.9174010995475935,-1.0,0.10866152547317776,0.46181481154539084,-6.577167416728429
0.1725858840738469,1.0,1.0,0.010375853555366077,1.0,1.0,-0.8156112128458148
-0.822673953544968,-1.0,-0.21608602920360553,0.19934406651149383,-0.1555094547111554,-0.39622524406271786,-0.12665166184501714
0.3308367798221071,0.10575968145379727,-1.0,-0.5413479216775221,0.3333106728274702,0.46815852909339695,1.1956762661524796
1.0,-0.28047324045086575,0.6552556746792805,0.56594289545444,-0.5221264857549317,0.2747815803927503,1.935323164450875
0.09443670211548438,0.9883313029037148,0.01075531868769855,1.0,-1.0,-0.42490618794429325,2.905997224205085
-0.9930748376977558,-0.22681324714691709,-0.16752630007485414,-1.0,-0.4130594564390837,-0.1153670830249589,-0.24521558530399384
-1.0,-1.0,-1.0,-1.0,0.4329607862760206,0.5620998608292898,-6.835544205037195
0.5827258967159403,0.4523895867553819,0.5553576636726268,0.15786161134919682,-0.7392634250008893,0.0032435210053677332,1.8330048940211436
1.0,0.06306198389385487,1.0,0.05125267576273029,-0.755970268679954,1.0,2.372901352655431
-0.07324404456555467,-1.0,-0.8937732047463101,0.5128416242335688,0.26874903477476747,0.4857796663034868,-1.430514662966746
1.0,0.7591635807698435,0.40982762082031354,0.25611963816717453,0.8440043310493597,-0.820630775701227,0.02293636696662177
0.44536484893360706,0.5339198614511635,-0.6296906369577422,-0.5598975438912557,1.0,0.8733107675977605,3.7199622635813436
-0.6862742583749106,-0.9359609500303641,-1.0,0.11360341318912187,-0.47012400821226885,-1.0,2.068956446554008
-0.06612655315262672,-0.4278533158556268,0.3561136184210163,0.5292639358643121,1.0,1.0,3.9037284173313704
0.8086981647292386,0.5787706544686895,1.0,0.792117911649012,-1.0,0.6797069439934054,1.0690830742812232
1.0,1.0,1.0,1.0,-0.4507599854790867,-0.776723869369826,4.907485522038712
0.8737421536955927,1.0,0.49836941491757325,1.0,-0.5429265508313473,0.3822361460377358,1.4468920169301867
-0.2466349143114832,0.13288316414014179,-0.28882143762688495,0.7875883004415722,0.14162768056232272,1.0,2.65879315373591
0.3658445205922196,1.0,0.7153481849086804,0.44164335262438426,0.5848109305432704,0.33543971016124363,-3.793395061058316
-0.3066566746880434,-0.6947329668214803,1.0,0.5642789822617709,0.29110177839972873,-0.3203623105851973,1.1934525332082464
-1.0,1.0,-0.3145643517483102,0.059099641072091716,0.3317223453774176,1.0,5.390114215342061
1.0,0.18429703227442648,0.620884338052035,0.7289204104603276,-0.0832234376047665,0.0521309918029913,-0.40282933366090784
0.8562887262384147,0.7228928704291684,0.9139028302817636,1.0,-0.47309649548694754,-1.0,5.771861566693221
-1.0,0.11933850763908926,-0.7371220390553543,-1.0,0.4003544639812411,1.0,6.2702135660124405
-0.5418015097282851,-1.0,-0.46537231295614645,-0.009400444210464487,0.3418495355126231,1.0,1.7403422421550183
0.10963457985259084,1.0,0.6828213333631322,0.7348258107405727,0.3158966854371301,1.0,-1.4250495709508562
-0.503601514225867,-0.3574541850610531,-0.6417423061382368,-0.464145715888594,0.5029227806664806,1.0,5.340375282662578
0.9458390310226155,1.0,1.0,0.22995293685126406,-0.5059777074498888,1.0,-1.0190584636442321
1.0,1.0,1.0,1.0,0.7602542708466361,1.0,-9.52602600044014
1.0,0.416547664417924,1.0,0.8333809183462837,0.05892926488734179,0.2005442506651789,-1.1397454548195087
0.018197458763569985,-1.0,-0.7307178775083786,0.07042610452606457,-0.963471804244109,0.4729762085915004,0.4556246822977419
-0.23142791258296858,-0.34620033400449657,0.10046268124654323,-1.0,-1.0,-1.0,3.11033777749485
-1.0,-0.4459957540956702,-0.31085489248585785,0.611276551409168,-1.0,-1.0,-1.3534498974335034
1.0,1.0,1.0,0.27408953691622484,-0.6170720377924632,0.3200374415818773,-0.30375297445276517
-0.1341535467762982,-1.0,-0.8607635515461156,-0.6534863642830424,-0.3827788070797732,-0.33142142853295953,-2.2292855005425034
-1.0,-0.6880392542092271,-1.0,-1.0,0.013833489067931692,0.9318346839617908,-1.1049938067359832
-0.9533426689261523,-0.5900628419665672,-1.0,-0.14433559061088164,-0.33392393288254396,-1.0,4.398607786492786
0.21354013437968888,0.15003581241673491,-0.12650458906638362,-0.18304853699727497,-0.7495508339089997,-0.6442586770159201,-0.5693263112833182
0.28107723358306813,-0.6650678554808399,-1.0,-0.01956519821509331,0.03192825030978447,-0.9015409925670612,2.389990694431434
0.23991883599983166,1.0,0.03685223271307825,1.0,0.5436070171099099,0.4124524506540667,-0.9205647577894385
-0.13679598669659598,-1.0,-1.0,-0.5489169808271279,-1.0,-1.0,2.8331749043180454
-1.0,-0.7534310138853642,-0.12731098763136306,-0.1324916853696423,-1.0,1.0,-2.314931205895322
-0.3397681498964641,-0.5386100932279632,0.937979408133548,-0.6520882952921809,0.6162388758865845,1.0,-3.5635847722874994
1.0,0.585031181821591,-1.0,1.0,-0.4537714692700424,-0.39119289558962467,2.3038053587435905
-1.0,-0.7444391947364835,0.1812941432288251,-0.6482497412466697,1.0,0.5691411354472259,2.5617523059529623
0.9445760791707987,-0.21019691386255823,1.0,-1.0,0.9076062454625654,-0.2388658589507719,-2.2415125292908007
-0.9750716482813384,1.0,1.0,-0.24663352220140888,1.0,1.0,-2.3111482211275045
-1.0,0.03781528440556148,0.21774313033943343,1.0,0.277932296242688,0.030188272332501608,0.6359196458810434
1.0,1.0,1.0,0.2823102337265675,-0.5977466808005181,-0.9123719093454437,3.417736837748334
1.0,0.03684173954485037,0.7138598797829034,0.36765959824721073,-0.6660377399052122,-1.0,6.855094799481612
0.03492874328254236,-1.0,-0.00964435403314945,-1.0,-0.5865143751061473,-0.5344992785933284,3.4734553882195685
0.044960729846574954,0.0372179214157002,-0.01791981083936714,0.05942228638621161,-1.0,0.5650165468619917,0.35269909331257654
-1.0,-1.0,-0.2731609046239232,-0.6823258837728889,0.6078989695558464,0.1376455435407225,-0.7657721099395834
0.2720044232667931,0.6399835266268477,0.2414051601699575,0.45356180571054294,-0.2634681476534415,-1.0,2.8676134336986654
0.9227147532410631,-0.25035578468337033,-1.0,-0.720626672058488,-0.39818817554543795,-1.0,3.8228010305980376
0.06388943186715129,1.0,0.026704056240682617,-0.5563076112042441,1.0,-0.29336888773706504,0.6857556382887109
-1.0,-1.0,-1.0,-1.0,-1.0,-0.7410677406437678,1.485805600732732
0.3115822134784939,-0.8974866245554824,0.5981769589717654,0.246108587212499,-0.9005779846822184,-1.0,6.463678154192936
0.4895529960879269,0.5296422774038756,0.6138808554409554,1.0,0.09250442775076106,-0.18659779414117897,-0.44263316958704085
0.3523191319910164,0.6574767549855678,0.11198414924494082,0.22878261542809877,0.20260005415784127,-1.0,2.982648371512443
-0.6438736307248352,0.3373581412035492,-0.6136164861637461,-0.01706774560739152,0.31860031070668327,0.9104223967792682,4.3407653323959305
0.9003426962397885,-0.6778348726011347,-0.5727371855652669,0.16696338579533687,0.39559825906817153,0.5869620381614172,-0.2610923301245279
-1.0,-0.5496739006836779,-1.0,-1.0,0.43837106048686025,0.4791335173562028,-1.500613279356989
1.0,0.21046974791399298,0.16325593188056153,0.4814036463196276,-0.699467603842972,0.736120608346006,3.7942046083624685
0.8752213397698138,0.7311287264196988,-0.2938746943375092,-0.8031461294759229,-0.18976745451014443,0.5620380766601352,3.301696755801257
0.2695950525585594,-0.09829834987610947,0.6813092609651454,0.6726714109952551,-0.45670803817421124,-1.0,3.710213927558917
-0.7287615825491367,-0.8665955779166795,-0.1718041216065701,0.2626335043712738,0.39432283550777397,1.0,2.909323012309071
1.0,0.9892430676131085,0.4532627375070637,1.0,-0.31666301314421097,-0.3349600582757326,2.7684594109433114
-0.5221267535731331,1.0,-0.7866238414865047,-0.40471576591415326,0.2147500097552187,-0.5592674501476004,1.7341700386711638
0.14760032211170693,0.8880022820343627,-0.6780028368511487,-0.5613180051507668,-0.8515972208184304,-0.7439472813723784,-0.04841608621027227
-0.33798603330864496,-1.0,-1.0,-1.0,-0.24469257549662415,0.1346417315361793,-4.058107790061611
1.0,0.28712809354055646,1.0,0.584332287960645,-0.772732067541404,0.8810552910483731,1.5945057487061218
1.0,0.30823240247196937,0.057569168164582574,0.9868070590005228,-0.04653993279350199,-1.0,6.242848570544706
0.4920004953432451,-0.13697170456958124,0.4447361952319231,0.3795055311486908,-1.0,-1.0,5.042763553165558
-1.0,-1.0,-0.1664067395465716,-0.5779997173095044,-1.0,0.0020729916698041806,-0.07898576056807438
0.163898990391529,1.0,-0.6504866742453556,0.572713587076667,-0.16234705070312438,-1.0,4.777567125003933
-1.0,-1.0,-0.5821558386201595,-1.0,-1.0,-0.48618682723673934,2.052920729202225
-1.0,-0.4875820220517185,0.6565185648653874,0.3300320924763259,1.0,0.6351841287505424,0.4198800770176885
0.15101408523376536,0.0043691430052905655,0.50836229055456,-0.09268534992931454,0.7747946884355416,-1.0,2.0202386172279754
-1.0,-0.04055725723188741,-0.36306302863668183,-0.32971981250776095,0.4987955142828352,1.0,3.960984737685995
-1.0,-0.8986063386071993,-0.46232580704511955,0.9235976682200957,-0.25392504475642513,-0.4673980483739887,-2.948836102523294
-0.49116541678482856,-0.6390828350243816,-0.1221056020112968,0.28200930102423916,1.0,0.8455729317685343,4.134694952773523
1.0,-0.11954390906800083,0.823511351368637,1.0,0.9649263484614096,-0.43380986449714365,-2.6405332869713423
1.0,0.13622923001769538,1.0,0.5883067032880016,-0.98452210778485,-0.766970938920648,6.855536982867504
0.06540917514893385,0.28120187295242427,0.40772870362927194,0.5228224354293318,0.3579311838765522,-0.09724103474674195,-0.06543824541152828
-0.6886396418976262,0.5929741308649179,-0.8100153224565344,-0.3479190794276761,1.0,-0.06745209875356295,1.6925135982327204
1.0,-0.5368933004672405,1.0,1.0,0.203630415230086,-0.8295433498760285,1.3192193930343117
1.0,0.8553424566496318,1.0,-0.8104922710242202,-1.0,-1.0,3.9079285767521457
0.5939491103841329,0.35897032457673894,-0.09135928141576422,0.00416947685350566,-0.11741524650297563,1.0,3.47691263979752
-0.4961424945408467,0.737280942620949,0.6724907704874268,0.6554846241764098,-0.1762348167905065,-0.35972152083281794,-0.24378256366324197
-0.6035393139337539,0.025978174907760665,-1.0,-1.0,-0.12200404741413007,-0.1677005094329926,-1.743759644453454
0.40044162882595347,0.054770178330626695,1.0,1.0,0.36880823483207337,-0.20401594323073047,-1.032645897125641
-0.940458875966273,0.8232423144325666,-1.0,-1.0,0.46306805267785534,-0.816774143593786,1.910126121110911
-0.38316063059621197,-0.3231424776417635,-1.0,-1.0,-0.2496653780931597,-0.5553691137105026,0.07964540440372381
-0.03018433488431671,-1.0,-1.0,0.10391158606685491,-0.3722656916772445,0.25765193483638393,-2.4226330402375433
0.11875095449587147,0.5411717662008648,-0.763436966416245,0.08209823921735684,0.3100903036326268,-0.4501457480678719,-0.2698535457039971
-0.0800693454411745,-0.4850477476241662,-0.2725062286222375,-0.9249446929890528,0.8531225166868243,1.0,2.557173467739466
0.4946822098723498,0.9246642196426289,1.0,1.0,-0.5935981690450419,1.0,-2.459308658202177
-0.5316601236232056,-0.05126462733324172,0.5434720209465114,1.0,-1.0,-0.023538233511718243,-0.38130225845357024
-0.33070288268361636,0.08234259619403694,0.09249522690023232,0.08908130301988959,0.7088335258829668,1.0,3.209317848671412
1.0,0.8897713591814291,0.2691751062406631,1.0,-1.0,0.04749189009859456,4.38256157882781
1.0,1.0,-0.10300397783038118,-0.06782032965989981,0.6589096529445393,0.18258692467291227,-1.0694982423063588
1.0,0.16020453839574306,1.0,1.0,-0.04048496554695191,0.5984136159483978,-2.548785062172296
0.9601569807669836,0.16665980501864486,0.11094446062433205,0.8659473127001167,0.6527558251156194,0.125158052114953,-2.489887621852426
0.760942280978757,1.0,0.24755899258294095,0.7551412073026167,0.21020372972774082,1.0,1.313208950422694
0.9380109390603208,0.7859081825955607,1.0,0.3529220382206786,0.9329270127046534,1.0,-5.928454414236575
-1.0,-0.720848690687967,-1.0,0.4011838079657437,-0.8316102662734915,1.0,3.1234957082436994
0.7840166343785249,1.0,-0.01668376182696024,0.9844820758698353,-0.4029293322324705,-0.2609373374090138,3.4508205410033543
-0.24364958362078892,0.38967869467918503,-0.5475281434729491,-0.4580527780445285,-1.0,-1.0,-0.7433731583346523
1.0,0.29658021737003026,1.0,0.43012328479570927,0.3709634885552513,0.22860701753207202,-2.267431322264808
0.3759227846903801,0.7283831287523396,0.45141433495140304,1.0,0.12067878445693525,-0.26398772785599534,-0.023017118415219806
-0.5640278217596999,-0.4771882215899434,0.7827854320460556,1.0,1.0,0.8368733334767313,1.253066689699402
-0.8179160069313542,-1.0,0.17481223868662477,0.300047562064521,0.0003198399895945059,-0.8159277415615713,2.692858541027987
0.9551942744824896,0.7056115285517106,1.0,1.0,-0.2634393379609441,-0.5967846632673017,1.89501839286015
0.34330428377160427,0.32204580430847596,0.13847668188133205,0.40531124459631596,-0.14702624475204273,-1.0,3.421669022653849
-0.6635741932603754,-0.30461761089742323,-0.2730998808230276,-1.0,-0.038372801331084005,-1.0,2.907033552645683
0.2426319885195649,0.9059863836320099,1.0,0.19358678098575188,1.0,0.9223429621923106,-2.090324811883753
0.7115661911681157,0.1267038224339473,0.4687682217125364,1.0,1.0,-0.632588028055778,-0.44336854028406514
0.765130164775256,0.5763288393152095,-0.6674923833826791,0.09917314106119068,-0.7051603905743548,-0.2019166765402837,2.109618085215814
0.5051562761969585,1.0,-0.05577093404563621,-0.365488708074367,-0.7975311565409784,1.0,7.471784013674221
-1.0,-0.40848765869443526,-0.21733193135476125,0.13253222863319225,-0.19745637772882219,-0.13104158256718446,-0.4703030535243695
-1.0,-1.0,-0.5710654171632075,-0.04467832755723833,-0.2546817026838468,-1.0,3.283725561526436
-0.44898752103613937,-0.4440688846586286,-0.6930061065693802,1.0,-0.42414042322127865,-0.2657036058451461,-2.4950713131473665
-1.0,-0.869006262999475,-0.7006178627470934,-1.0,0.8668892511232397,0.7453617077398205,-1.4026339140048911
0.5507893101150572,0.10793992592196822,0.6197318463765389,1.0,-0.3272181896710664,-0.8694714680050728,4.49415171667218
-1.0,-0.9052138204111874,0.0728607501662395,0.3669398431041052,-0.5077298413809288,-0.05874311869713589,-0.9506796634429694
0.6226964979899008,0.7382799849025978,-1.0,0.3085934141514023,1.0,1.0,4.663474688068165
0.654574940624064,0.17669272161228622,-1.0,0.41275856174967374,0.17327061356951015,-0.755708972211772,0.3190884312940932
-0.49306247598041597,0.8838068660320182,0.926691538042933,-1.0,-0.7619234860797606,-1.0,-4.48801783760734
-0.015822645198899754,-1.0,-1.0,-1.0,-1.0,-1.0,5.2654267444522995
-1.0,1.0,-0.4952155164201689,-0.2972065861919958,0.9664628252115297,-0.8935155562651709,5.756386923824801
0.6687204402422025,-0.0855183176252835,0.5288354836776781,1.0,-0.2501683967915118,0.32866696982073873,0.3054759329540837
1.0,0.060066589098363043,0.071521419191235,-0.2379386654995984,1.0,0.8378245344352082,-1.0276932847681706
-0.12205507708075047,0.24312111767173272,0.272592739973224,0.5139979361850786,0.12437310441509392,0.2582858368326838,-0.3863010091829295
0.69594754001818,-0.20119973111118816,-0.3700484313888056,-0.6540524998637232,-0.95347221371558,0.23023510407019476,3.023013349599679
-0.42242470022985534,-1.0,0.08667149406436742,-1.0,-1.0,-0.9980938632043599,7.677529888120617
-0.6307775738960869,0.9424665042760993,0.5161137262717586,-0.5559093069371542,-1.0,0.34700750367810307,-1.637811564803592
0.7423475782738501,-0.9117059600041408,-0.490451726797545,-1.0,-0.2377520071816848,-0.8606842602994074,5.371855356675083
1.0,0.9865845066333179,0.8006071864864746,0.1753827370574651,-0.6110732673318822,-0.9987205539467439,3.9121418948015187
1.0,-0.8500992290241655,-0.826465620634078,0.8141129744070237,-0.1174071884722141,-0.5333775130726823,1.1096745416051177
-0.19581615870594382,-0.038375332723842526,1.0,0.6048599745867014,-0.39196985016890684,-0.6407442559253773,0.34146327031127643
0.5777439744146446,0.3849886158542723,0.5339433043875927,0.40433219224893846,0.35838684520995745,1.0,0.761641230325516
-1.0,0.36338097494744903,0.8338990499423586,-0.6384072312292348,-0.001566180425010888,-0.7586502962278627,0.4670424744782649
-0.8787996026378369,0.6394087383209596,-0.8853081649136854,-1.0,0.2615685948408729,1.0,8.009552358439517
-0.3369371118900464,-1.0,-0.05136182313609883,-1.0,-1.0,-0.9878404904523692,8.11502288825291
-1.0,-0.5779232124159237,1.0,0.9020168936637853,-0.8898418279416069,-1.0,-0.5552994388977369
0.622537731977552,1.0,1.0,1.0,1.0,0.3810836572780357,-7.388330137603693
-0.7989327317913996,0.881590381840825,-0.4577996264428361,0.23811287807309678,0.984303449320855,0.2832667037852208,3.2054080973019694
-0.21150387384196478,-1.0,-0.8251048980504475,-1.0,-1.0,-1.0,6.307397894549286
0.3668936338278916,-0.35886183333941424,0.2767696163478548,-0.17129342834078598,0.8560466587404305,0.5707662047597782,-1.0351726859796102
-0.07929716394437847,-1.0,-1.0,-0.7356434929163187,-1.0,-1.0,3.8515628859191304
0.6050333416223268,-1.0,-1.0,-0.06850668651454561,-0.6063068569581427,-0.6989376638370561,0.45609242975318476
-1.0,-0.33860632526572915,-1.0,-0.28480736930830575,-0.39193188628455156,-0.24819788787072544,-1.7174436453428417
0.0737778217796489,0.15583039258277098,-0.06768975298191682,-0.5127814462144061,0.6897619763215153,0.47355413880498687,0.1830489320248576
1.0,-1.0,-0.34831127576318455,-1.0,0.6378277285892674,-0.8475753628023708,4.959070554683252
0.333548915011288,0.7645893830947028,1.0,1.0,0.4167551410120961,0.15279951743027517,-3.318698022945374
-0.9842295948783932,-0.46422214901294034,-1.0,-0.5584119817665865,-0.19325234482476805,-0.2521417226125662,-1.2503881485346666
-0.6106223673577761,-0.40593147453478623,0.814225858690811,0.910053676935354,0.19134629863310731,-0.37393573592232876,-0.2888926299634049
-1.0,-0.416527244945698,-0.09384859432127657,-1.0,-0.08515562636312113,-1.0,4.527136390291036
-0.11931218675179883,0.182232716458451,0.11819499323316629,-0.5698004766933447,-1.0,0.967063505564613,4.16464280145125
-0.8253721161867368,1.0,0.9641167165359406,0.059830153597532076,0.037831900731687296,1.0,-3.3963814651487527
-0.6524271230469718,0.6152213613896557,-0.2803470956596557,0.7242043859334419,-0.07274472824964406,-0.874181128019404,3.192016008470082
-1.0,-0.06110810330126959,-0.9145887195386699,-1.0,0.9988186854863051,-0.9836855856503922,5.504173909046042
0.838264825967617,-0.7825041986151259,0.06528715063206364,0.2807140099673819,0.4443510661309453,0.661143324589661,-0.604001829251655
-0.38094224535917665,0.07498443820250433,-0.6071105141860662,0.5022107922549306,1.0,-0.12961881195039138,0.2317092229197208
-0.4020463988140113,-1.0,-0.571772285354343,-1.0,0.33163391494172245,0.303308746650589,-3.427454255112147
-0.496485055855287,0.1053946965700267,-0.9654859444234536,-1.0,0.35760795961338787,0.8576005813840231,4.476847129602997
0.5848274803766647,0.10908635454777904,1.0,0.009172444341415398,1.0,-0.24399082457826873,-3.263677604713296
-1.0,-1.0,-0.9971583602633962,-0.8472793485731342,0.05296285277421242,-0.5670721376148125,-2.0307125515950277
-0.2970695021820403,-0.6959325858244453,-1.0,0.006644459871733122,-1.0,-1.0,1.261174967772647
1.0,1.0,1.0,1.0,-0.20223017906978258,0.9036879275027632,-3.6125465556209986
0.31430444071697305,1.0,0.9144531466339236,0.6474619850092636,-0.6933492290292629,-0.5281985433397127,0.11087364735009417
-0.33653763958720934,-0.1649748924920616,-0.2767788582765386,1.0,-0.25423419954576826,-0.9860835378344803,1.6399014046838638
-1.0,-0.5520952147115002,-1.0,0.4214059226080331,-0.26487303130209416,-0.30781039109743125,-1.8398493072190045
-1.0,0.5762391902864125,-0.18583780172839348,-0.7697478828148824,-0.4358739682307279,-0.6732393184842673,-1.0875839385045976
0.2848217423654792,-0.6817900519855449,1.0,0.27414294424601193,1.0,0.7468703339522154,-1.9217546485560575
0.06338345604892237,0.5718671795246495,1.0,0.12398442998539894,-0.16128379555716144,-1.0,1.7534001152573362
1.0,0.5662275930004361,0.019955414692014672,0.03349458908994096,0.10174211920479354,0.26293093984422633,1.1931711949459503
0.3923792198903341,-0.11774477159422993,1.0,-0.12697958366447576,-1.0,-0.571881119275591,2.129836329370752
1.0,-0.33395522036870107,0.5340462765225219,1.0,-0.12171761941375397,-0.31162132181125,0.8217609958720735
0.3042684438248816,0.47333926409804866,1.0,-0.18653184024642233,-1.0,-0.4628553545742642,-1.0611522878560087
-0.7542447222320728,0.09307851916720122,0.25722046612616456,-0.5333240903968134,-0.3187359668538696,-1.0,2.3325553064176514
-0.11027780021050199,-0.06975244706597133,0.7938569297510837,1.0,0.11496366161627389,-0.14976624970795516,-1.661265580076937
0.544437701988931,0.8322628604712208,0.663764653122999,0.2138145660978682,-0.1809492021329337,-0.6340544850866003,-0.2086876124839001
1.0,0.7693368139822734,0.32808774062709767,1.0,1.0,-0.09004181359343844,-2.5813283358671124
-1.0,-0.655099356991069,-0.8251588340224524,-0.18733671681208897,-0.8326940821374179,1.0,1.3217165899496366
-0.8436836635717416,-0.08965343691329153,-0.11776276754458537,-0.062415640575276266,-0.5453129968511563,1.0,0.6795545904278324
0.29941368510171285,0.6443177158871194,1.0,1.0,1.0,0.06613100690271567,-3.91484614597772
-0.036917044204247476,-0.3400402020262626,-0.5610777168717285,0.30946330841300684,0.27357230519565345,-0.007700928178467625,0.8793690549982258
-1.0,-0.6267437472675236,-1.0,0.01592894172148207,0.4709766784004465,0.2755224764702332,-1.6830017175696395
-1.0,-1.0,-1.0,-0.8275577515898598,0.8320231755417246,0.2512969288566267,-7.298427588864655
-1.0,-0.5356258399287166,-1.0,-0.5811716733818832,0.12505237179981976,1.0,5.221009087686366
-0.8947567766999417,-1.0,-0.1400357907294532,-0.6547318104057241,-0.31327448302511174,-0.433392794225109,0.36810730545689524
-0.6637470828971209,1.0,0.14457857276490377,1.0,-0.6659648806000695,-0.9400497582193776,3.1716342983414623
-0.4647556908849044,0.3550915603610971,-0.003014931564317813,0.5931914617224234,0.6821903492499046,0.4000584056473103,2.46237137589614
1.0,0.13767034115230303,1.0,1.0,-0.2929427279169976,0.6100956720415366,-0.7058299197347575
-1.0,-0.33586800210164225,0.6770291245097533,-0.6188580388768679,-1.0,-1.0,-0.6213113809849324
-0.257251028924543,0.3291866364430842,-0.7203034764790414,-0.6426768569616996,1.0,0.8956253336523124,5.9300189741719205
-0.7239954740167883,0.13905718060899186,0.20666620752420847,0.475251592317858,-0.4739803800906075,-1.0,1.9503899987419189
-0.265966680126122,-0.29680857893250945,-0.4462551355517079,-1.0,-1.0,-0.29347357941235996,1.7948392067289278
1.0,0.7062032435972302,0.40082562850892867,1.0,-0.4907572155344414,-0.7463145170285866,5.83877295820405
-1.0,-0.7569701524758925,-0.6532621104570595,-1.0,0.678561498837482,-0.5833964490746457,2.012435485130039
-1.0,-0.12565733110827537,-1.0,-1.0,-1.0,-0.08261017991929642,-3.1534910562912035
0.2595464084124002,0.7011898845537623,-0.6256660653430708,0.4999793879103601,1.0,0.042468198739646246,0.18161215748252107
0.7381427446404563,0.6121391915067582,1.0,1.0,-0.43484680083199206,0.7990071901977457,-1.725637613613665
1.0,-0.3025780551806753,0.5817548344507761,-0.1174129979865276,0.08844698188103295,0.02704304219229048,-0.6118264849686723
0.2034298673724675,-0.4723300145110305,-0.3086853591139629,0.5062861287265796,-1.0,-0.62999847655123,2.3747187793332802
-1.0,-1.0,-0.2978389133999635,-1.0,-0.09480118628530654,0.4809697752039739,-3.3556556600709326
-0.742065833285817,-1.0,-0.2115190075494886,-0.5612019956421042,-0.4421670170868772,-0.893995897885504,2.838092914357187
-1.0,-0.8192286351144855,-1.0,-0.5119059885323454,0.48811722937159335,-0.7261781238552312,-0.00942690030226867
-0.6550818903256104,-0.15755133381466524,-1.0,-1.0,-0.6216765602689541,0.2982707016477517,-1.739606862049278
-1.0,-0.6741813215053454,-0.7043718308625961,-0.001092809761651159,-1.0,-0.2841695004346201,-4.00509514414447
-0.9962807157163867,-0.3329127501698974,-1.0,-0.8179925207873114,-1.0,-0.7187091817888597,0.2555696661466517
-0.7740545821147944,-0.7016811170148505,-0.051195356484213805,-1.0,-0.5483366522200364,-0.11440428781328005,0.4250045392225681
-1.0,1.0,-0.14708797377731087,-0.33182820651994116,-0.10354498181288935,-0.4011517630711243,0.01633478417657952
-1.0,-0.2615203793216706,-0.8061649493270451,-1.0,-1.0,-1.0,1.5970328722623433
-1.0,-1.0,-0.006956171150083623,-0.02602559419728756,1.0,-0.6815445462012831,5.203832191377518
0.5572048998550624,0.10696266565750467,0.9654069200143265,0.9270239333570621,-1.0,-1.0,4.206225017798847
-0.8490440395941097,-1.0,-0.7184886304666355,-0.3655309782025857,-1.0,-0.24857241755910864,-1.108807493576835
-0.6350656844763285,-0.9224979858818,0.22846460510126687,1.0,1.0,1.0,4.021104856237704
0.425557047692416,-0.4264152231451154,0.5737256845245304,-0.5150002666115381,-1.0,-1.0,6.248760936855825
1.0,0.40426501685359595,1.0,-0.13559491377009175,0.2470303447471417,-1.0,0.7635260526405734
-0.8336608509707786,1.0,-0.8223483484031662,0.09801142112426975,0.7592188085495182,-1.0,7.718773957462899
-1.0,-0.2752424454351345,0.0733476323276492,-1.0,-0.5397153824258648,-0.42591305847464606,0.18598543893358555
0.7753801491253279,1.0,1.0,1.0,-0.7599345756969942,0.9574622728033835,-0.616653345139055
-0.3973936769867692,-0.07510963439784857,1.0,0.714708858033328,-0.7151346994544223,-1.0,0.07386930122188035
0.21155260558929212,-0.331924000333643,-0.4549711225073705,-0.6746021187043001,-0.14409005644213083,0.8806373552912362,2.7405283286073643
-1.0,-1.0,0.18896211312846023,0.6158199035217767,-0.6342445967444477,-1.0,2.6193935406065734
0.23486407977871104,0.5121782183055437,0.6726429881864282,-0.5981536863857938,0.2676070041807216,0.3144322041698917,-1.0920892508724316
0.5838780879499168,-0.5163831395148706,0.7853793045499177,0.46450580876900494,0.23173892047242017,-0.7538664478682449,1.5631302372932971
-0.6239451084171771,-0.5281696428808316,0.19564781444248047,0.5251219613570273,0.08790427132291581,-1.0,2.0524253272549884
-0.02171835506731601,-0.4764277784078684,0.12733413799721338,0.8591109716215823,-1.0,-1.0,3.7851559626365368
-1.0,-1.0,-1.0,-0.3704762493747148,-0.605952919791598,-1.0,2.3062417077511004
-0.7880348979856182,0.5303172775568403,0.08197412899716738,-0.2863674776537717,0.6651653665875441,0.2672714666931182,1.262848477947294
-0.8362771683752381,-0.48727932909170724,-0.2632863311425597,-0.5945872608824894,-1.0,-1.0,0.25062944523634645
1.0,-0.36184955105129196,-0.40685997741962754,0.20081985118189322,1.0,-0.1651679190828924,-3.166466392298462
0.4039571838005841,1.0,-0.6816061657883541,1.0,-1.0,0.19276160209163878,5.716873501487591
-0.27766662754889876,1.0,0.8130490250902698,-0.2349028560164943,0.3401236700375314,0.02783383764881109,-1.3689320960401514
-0.7016986436500582,-0.20074175298843322,-0.01462091316049563,-1.0,-1.0,0.17245906060124186,1.3284061941259242
0.6075009453799323,0.031208097119836187,0.4150353976246193,0.004959062794663516,-0.761965816907695,0.018698766888502694,1.1214079540417454
1.0,1.0,1.0,0.17449679051280365,-0.6954583364792291,1.0,0.7265301484299003
0.4496029667096057,1.0,0.9134060448816559,0.8022272783737804,-1.0,-1.0,3.0855540736812146
-1.0,-0.8029737744790867,-0.20104505822660612,-1.0,-1.0,-0.11673821062767042,1.6433118056444918
1.0,1.0,1.0,1.0,0.3773105181435348,0.4858141224119782,-5.860824037065757
-0.8513722314860388,-1.0,-0.8257526887072284,-0.5442718667821957,-0.9653822565264172,-0.21914940467018718,-2.8403224456389857
0.11566857985075718,0.5220078358248081,0.8263681472664494,-0.43517992579660936,0.35440160765771,0.5331234288415341,-0.10195234500789951
0.6518553483901612,0.7242916939502223,-0.8869505755178602,1.0,-0.015613374496202148,-0.06530474586895729,1.267155662357025
-0.5704059987786124,-0.8233088177459682,0.5572753069569112,-0.9390829206813261,-1.0,-0.9613986595719488,5.381129942299874
0.6526342774190251,-0.40622545590563597,-0.44452431570712125,0.3609793288134448,0.054520756709259155,1.0,3.43690955372017
0.49024239996701025,0.6134593848050247,0.12146047350162403,0.16884984861721963,0.7574973672507527,0.3913883168059722,-0.2034114555526881
-0.8300555229894232,-0.12356574684071786,-1.0,-0.9438192059249486,1.0,-1.0,6.294624129706671
0.25235783503987386,-0.5080222451931262,0.3850207282394209,0.3941630976251885,-0.5071456976412283,-1.0,4.539849049054797
-1.0,-1.0,-1.0,-0.48188100845296855,-0.5360312906305927,0.750739507339633,-2.448691208889782
-1.0,-1.0,-1.0,-0.979693268857424,-1.0,-0.02545952854590322,-2.913365277780255
0.7667399136422924,1.0,0.6533459039559256,-0.07648001238980195,-0.25363822420596044,0.6703056595557725,-0.9352490272177452
0.158604316065302,1.0,-0.4413203101963496,0.9895431388048928,-0.4574047075781502,-0.8988871586828113,5.569750180616493
0.3017405558923724,0.11660400376317892,0.6955958396251776,-0.3744630545761507,-0.06578920144454936,0.0803726334212014,0.2713581644857038
-0.07322105654528044,-0.21928706196335634,-0.005554276497203636,-1.0,-0.7902128014634708,-0.5260638058938023,2.3498467887079597
-1.0,-1.0,0.6528179844156592,0.4232031849941036,0.48543458741199225,-0.8531290017345023,6.171024820165549
0.5219032393197343,0.27656430093781414,0.2892507096331208,0.6211483982420272,-0.30772288542176507,0.4534193140632563,0.8346748803072789
-0.8447298222008046,-1.0,-0.44595171593304217,0.11953661582794167,0.6207956364848726,1.0,3.7328903431241884
-0.7989907395919944,0.7941105269015526,-1.0,-0.24061091932857584,1.0,1.0,13.171414362774899
0.07774672316662273,0.11892945392651688,1.0,0.7017864230915452,1.0,-0.38999488504095964,-1.6484872124138836
-1.0,-0.6671342038563612,-0.17252828845782453,-0.7888651363697465,0.11785795941271976,-0.27100427435608626,0.06889253105145543
0.761521716156992,1.0,-0.21855972683880387,1.0,-0.40382149040016346,-1.0,7.384626658932442
0.03098484451223088,0.8905828910638314,1.0,0.4811586763232085,1.0,1.0,-2.3802511864817735
1.0,0.5077652814000905,0.05496065164624242,0.1471271426447427,-1.0,-1.0,7.149144829598647
0.16658672839106914,-0.5101656864701716,0.21117707612467007,0.3037663993325834,-1.0,0.23835161354552659,0.29645057565223243
0.38122258325168107,-0.06298213703179167,-0.21622153786721335,-0.38266512206190517,0.6946275856722994,-0.6535206801480203,0.12128662898948042
-1.0,-1.0,-0.48988595915737587,-1.0,0.33760397118593266,-0.7676466470068309,1.9761539838961297
0.3484430104341364,0.28116816797753474,0.17746467437590885,-0.967292600012776,-0.4160814082281298,0.9535990785798611,3.68194053119287
-1.0,-0.5745899470583505,0.1714545115881422,-0.03693124938196274,-0.8873642364248524,0.056268692573006485,-1.5363459806955846
-0.7000532360481505,0.5532446238784379,-0.07682864192244737,0.29010208904083457,0.2716808830617153,0.022800907880515253,0.8936740631638158
-0.08890087573286187,-0.007080183529738764,-0.8724904699321663,-0.7614036263565097,0.7286936951025775,0.9532427835124326,5.597938882061455
-0.007154344243528898,-0.5050140557933998,-0.8108657580623969,-0.8240292578061099,0.9638433969680071,-0.6858775034232749,1.6695946051028476
-0.294035308525549,-0.7380884157225163,-1.0,0.8966125597531621,1.0,0.0018171638215023211,-1.6618702071554279
-1.0,-1.0,-0.6337268150784725,-0.28834802774144785,0.5870256207058736,0.9648509189039702,1.3673866667311887
-0.024712493162693194,-1.0,-0.07502346072161403,-0.6914245621852486,-0.9526630988071461,-1.0,6.731323464834517
1.0,1.0,0.42021130237045556,0.47396300359978805,-0.7722216022952708,-0.896132629429633,5.3436014521385315
-0.06621240090884295,0.25973118599272715,-0.8194179114989374,-0.9515702880401775,-0.7800487767978812,0.5614852337486076,2.277849988325203
0.025027833043167413,0.7412972902252614,0.8210363013818286,0.9438150800100399,-0.720522631207003,-1.0,2.685509372506314
-0.9302663632210191,-0.19645706814717023,-0.9448746609326658,-0.8574345648853106,-0.3932213700033035,0.2020221465533671,-2.166379326218002
0.9103659491363365,0.9620428386025031,1.0,0.19897245448117218,0.6957719477958141,-1.0,-2.660199089786064
1.0,0.227874005696997,1.0,0.6751207141601889,-1.0,-1.0,7.498633603825419
1.0,0.804010851469247,0.42984782656304155,1.0,0.013832026401994213,-0.21725861090963264,0.9686686455283751
1.0,1.0,0.5140790749787127,0.4587532387047425,0.546854997085455,0.2201484686580969,-2.5492559317369383
-0.16500748763216644,0.14335651607529287,-0.7537494217894957,-0.29710915501561075,-0.8501675306911859,-0.5480856402738989,-0.9291217331163619
0.35677183488592124,0.1500356564914067,1.0,0.748499254521974,0.5703720129188314,-0.8314423769836361,0.12347774188280675
-1.0,-1.0,-0.6146132520267755,-1.0,1.0,-0.20466829030609257,-1.0883428753044804
1.0,0.9447778962007293,0.1711804992761743,-0.08157212862560892,-0.08826350340705585,0.6137187990185216,0.7634230664205228
0.8367401602319033,1.0,0.1620555814827402,-0.7535564945084249,-0.2359040564319358,0.3919022626767634,1.400419205843162
-0.858618956518704,0.7684681606570618,0.2315665934528941,-0.4988773925489769,-1.0,-1.0,-2.880136593485416
0.6875744821452625,0.6769765954002885,0.5494706153591252,-0.14278494090822608,1.0,1.0,1.1257769484907731
0.7741940267175378,0.020265930657608955,0.0038421996600624397,1.0,-1.0,-0.5187595008439772,4.496339936919699
-0.6346777358924169,-0.6718520429759476,0.4369286274313452,-0.2610631681832911,-0.35753545816371346,-0.2135644523226565,0.18823544857248448
0.30259823320507595,0.15204167099516197,1.0,-0.5969590301921508,0.5242321078670779,1.0,-2.109740648528791
-0.14288054658762522,1.0,1.0,0.4923566214918931,-0.3569502378830729,0.3341518556291426,-2.8099164681483337
1.0,0.2906484804796065,-0.33109062196766514,0.4132461663119684,0.9717544341911429,-1.0,-1.565358077564272
-0.3600475761024749,0.8451652262420577,-1.0,0.810757858949302,-1.0,-1.0,4.739900495108935
1.0,0.6541487335667429,1.0,1.0,0.27475013869556114,-1.0,1.1975573027519355
0.7357360255538401,0.18998790900536533,0.38220910540553565,0.1334727594889049,0.1851750048558199,-0.38833966158380606,-0.18029249819675242
-0.6920744532882397,-1.0,0.7296175077694264,0.9233848514064621,0.495230424667072,1.0,0.8560990110748933
0.5873033863350188,0.7709293995244265,0.6281207305982346,0.23583655426949346,-0.47708984772323637,-1.0,3.3686906924095914
-0.1273745144472046,1.0,1.0,-0.016930327442746862,0.5787830734779253,-0.9800091204238062,-1.3703017814273681
-0.4984575023832789,-1.0,-0.7960543011264811,-1.0,-1.0,-1.0,5.293633121618962
0.7191026779706902,-0.16682079375822578,-0.9123463919932029,-0.20556940022067444,0.06094313105970084,-0.713681414157873,0.6832191615963548
-0.2065544162429065,-1.0,0.7393016999272148,-0.9238858242672419,-0.4744616863007406,0.7524620135071542,-0.03537034091028721
-1.0,-0.896329047115431,-1.0,-1.0,-1.0,-0.790910723528416,1.6406004486181578
0.49607361429412256,0.38136736058471915,1.0,1.0,-0.04152089784908354,-0.9241058998332821,1.0947245005292847
0.9027849294859418,0.005589161262354647,0.4155758652247197,0.7611059396314139,-0.6591967746326737,-0.34753401615976,2.6730348928390804
-0.7633162278142991,0.3973363003532143,-0.028495738021933947,-0.9418891063626088,-0.7761307643642681,0.5647540633429289,-0.05989692286214865
1.0,0.49954538178385577,1.0,0.2903576919008144,0.08684178804023458,-1.0,2.2457477172991256
-0.7188797417351833,-0.4624023290539496,-0.841362183378123,-0.20399137729904893,-1.0,0.06241811331813607,-3.3179669881329077
1.0,0.5557903044050796,0.5703863710230145,1.0,0.8338533030838449,0.48228952584126206,-3.563653242833654
1.0,-0.1696778647375285,1.0,0.9144030764786354,-0.6617856224934213,0.9526771381054069,0.1010342962575671
-1.0,-1.0,-1.0,-0.28559433693247605,-0.4148797170057428,1.0,1.024064849644603
-1.0,-1.0,-1.0,-0.24723407228680627,-0.42103108891156954,0.136499672923304,-4.603359019688541
-0.6049461176759211,0.10819988050105395,-0.4528866517202734,-0.24205725875295062,-0.1327127119148882,-0.3553951431531819,-0.0734870598765037
0.19926557231746583,-0.3063168566508663,-0.11424492053224511,0.6267962040514078,-0.796339048912339,-0.21664977687172104,1.8169466770493625
0.5341379093660084,-1.0,0.40401269055249733,-1.0,-1.0,0.5456122294313148,8.49797057659562
1.0,-0.807266563759319,0.40788275767377474,0.6598559701602817,0.7560420013151082,-0.06653283440028065,-1.334355656106587
0.6725985084849178,0.7792803889573733,0.5887997121927904,0.7236446196631068,0.5894819892935874,1.0,-0.650074956752884
-0.1638114318574424,-1.0,-0.21094358003692015,-1.0,-1.0,-0.3867475570356791,5.994162486647252
0.7627283032732685,0.36886574582581066,-0.06467642709661478,-0.17999388129218052,1.0,-0.09719589008174312,-2.2359699851917445
0.18726960171321716,1.0,0.03301770747340717,1.0,-0.9414214383499004,-0.6808571448644278,4.458984858537658
0.7912608610573731,-1.0,-0.41966896834940026,-0.5916232647630864,-0.08765331864325795,0.5644021998692222,-1.135211743254037
-0.46275733541270303,0.2999189874676225,0.9946208038519523,0.06690678752630197,0.6442655870320685,1.0,-0.2511601063983701
1.0,1.0,-0.12250841630333542,1.0,0.41012473324995047,-1.0,3.3597611607865336
-1.0,-1.0,-1.0,-1.0,1.0,0.4775732163434818,-6.662693151872117
0.4469612674578376,0.6912670305252109,0.24974699615761686,1.0,-0.8155917577639191,0.9614133008110295,3.860989716430516
1.0,0.5637853632307517,1.0,0.7515291844152912,-0.4826214613370209,0.11828816260967057,1.3368809837997067
-0.2168331896017922,-1.0,-1.0,-0.992633175550981,-0.6020866225275654,-1.0,4.418624082382527
-0.3514847629004598,-1.0,-0.32941546080878814,-1.0,0.9498593603834387,1.0,1.2264339297493754
0.32775736252461757,-0.6850458368386605,0.4183099797977964,0.5747250592558124,-1.0,-1.0,5.3721098900399475
-1.0,-1.0,-0.5282499763933577,-1.0,-0.1890036678290038,-0.05139765982823319,-2.8059153859732904
0.7825899749488661,0.7065132536539993,-0.6478218964359256,-0.09641681123863666,0.2101688911123067,0.18345049847899805,1.0046929709893906
-0.10192112704392964,0.8246841861390186,0.24168485368024378,1.0,-1.0,-1.0,4.1017590429181485
0.971730554818858,1.0,0.15083498524399314,0.15071806908031937,-0.6937570374887634,-1.0,5.68660940753908
0.39925956929141637,-1.0,-0.32358103495659085,-0.6736629676661489,0.90327230968018,0.4160455215725287,-1.8463714203320536
1.0,-0.07333138312256549,1.0,1.0,1.0,0.35373713849835803,-6.102293097013211
-1.0,0.6911828127152203,0.2549380396906518,-0.6721749228713666,-1.0,-0.5931782393944001,-2.1470858964829915
0.8006828806594994,1.0,0.3547953058295379,0.41805526903727985,0.31025665410306125,1.0,0.4640818357544459
-0.705925203738594,0.17154621658566185,-0.44266764249712987,0.6699977526530161,1.0,0.9720783837569384,7.093182601931487
1.0,-0.7425017741408023,1.0,-0.13546408584030717,0.31103727633600897,0.029969983160110958,-0.14701051341993254
-1.0,-1.0,-1.0,0.5623430204511393,0.7875790262157955,-0.1859809457225532,-4.582116152178665
0.9150298034354625,0.8596455589536725,-0.364253974161532,0.4271967522369883,0.22967564770379267,-1.0,2.831494564568957
-0.006031680545020013,0.24215223881413936,-0.41174875101674896,1.0,-1.0,0.13504329761563205,-0.2892783504042782
-0.4261338271759856,-0.8097455482333473,-1.0,-1.0,0.5581505921739058,-0.6485181031333026,-0.3123121361304046
0.046374837349612785,0.7341505740529523,0.6823316317331026,1.0,-1.0,-1.0,2.9357955617903304
-0.7755947489764923,0.8430379925927151,-1.0,1.0,-0.20975333077797767,-1.0,7.367015207176684
0.002409887085174256,0.14490540302411103,-0.6998217736969745,-0.2946104812002444,1.0,0.730044198470533,3.3146258537707705
-0.8562291073648143,-0.025451589590523516,-0.23860865225629618,-0.12130590415982079,-1.0,-0.19354502182085012,-2.121389222076211
1.0,0.8456170430022074,0.8070967888427694,0.2600019830707003,-1.0,-0.007341498472994923,1.9982072918587201
0.09401831418416808,0.11103138590479725,0.3749471331962069,-1.0,-0.5115607650991083,1.0,3.452028190763781
-0.8676156425396621,-0.14821568926152673,0.7499859280522938,0.45405241885010145,-0.07295608712614315,0.09632757127523806,-0.09230076685149813
-0.9972101344218645,-0.5303114849930243,0.8235616933575904,-1.0,-1.0,-1.0,1.6300148872037528
-0.4711694551874246,0.14734609951849542,0.3911154444688023,0.009874614342456178,0.1317013359673297,0.610092504365374,-0.3620403826461162
-0.7812353924127095,-0.503528714580929,-0.22325984806453095,0.37357093397259833,-0.178807719747631,-1.0,2.7122713242835434
1.0,1.0,1.0,1.0,0.08190935916152348,0.9344927056051551,-5.4635884809530735
0.8784667036781919,0.5819360659590209,0.9149590074671636,0.7911914984049836,-0.22913992940455158,-0.045983290683142775,0.30102390220138203
-0.12255891305785502,-1.0,0.06185999891939195,0.7792109627897159,-1.0,-0.16318693220286284,2.897822104000359
-1.0,0.8533843290531944,0.2939389115183969,-1.0,-0.45902855636955653,-0.7409068809102648,-2.8782191822838117
-0.7722532977628926,0.3308877373883768,-0.41521590103303524,0.1802667934099601,-0.5951765717350325,-1.0,-0.04885395815382898
0.16925173418042816,0.4723780653492111,-0.06635376816851546,-0.285112438431954,1.0,0.87377057044085,2.7650509312468974
0.10735844010975226,-0.2608203297400538,-0.8522324544707774,-0.10690840995514694,-0.5567533688995616,-0.8252170239385754,2.3709068927345642
1.0,0.7429582170418252,0.20753675959603513,0.8574523225764348,1.0,-0.9017316036486204,0.3923543557717961
-0.6777060434905808,0.3748124341718704,-0.07557575708162412,0.6711831783346246,0.11973980960909847,0.8475730794025234,1.1490882836174672
-0.1241973299113765,0.46248877420038115,-0.6563286759940903,1.0,-1.0,-1.0,2.405217903077548
-1.0,-0.7764396025769111,0.5360180507153135,0.5361760631617121,-1.0,-1.0,-0.3358162691208119
-0.7693166796608961,-0.04197174849430857,0.6104182599194393,-0.3582610981841323,-0.5092927138184422,-1.0,1.5773914094706636
0.15462507753658233,0.4840446178265726,-0.14060927059801342,-0.17733568929630752,0.8720386636077707,1.0,5.761114999401009
-1.0,-1.0,-1.0,-0.9712893813105368,-0.4959887089726578,0.9625261852727557,-0.7856629643715001
0.868019078528251,1.0,0.10445061963409175,1.0,-1.0,-1.0,10.072243075045684
-1.0,-1.0,-0.8482008355301974,-0.45525870844501765,-0.01364028135134343,0.6241572888485192,-2.3466105993279154
-0.2996329730412067,0.19523111343773097,1.0,0.6578543788643093,0.8711525408549787,1.0,-0.3693183266497239
0.0802542508297518,0.3561709261092473,-1.0,-0.2039186034131646,-0.9854477435232392,0.5788482631350653,2.769978195849906
-1.0,-0.296607960253098,-0.16947777847791,-0.7538496095977455,-0.037736646141921903,-0.6183772246713316,1.279979338515514
-0.03135914630126424,1.0,-0.19861240127626478,0.6944313152111746,-1.0,-0.615799346742472,2.944077624291326
-0.19539266418051493,-0.6958150633746705,-0.9623991806998475,0.04034719283107435,0.7279074925137579,0.07437624997097902,-1.0880073082693686
-1.0,-0.5771423121400594,-1.0,-0.8832060386126068,1.0,-0.41568475802144256,-1.7024312830215993
0.985123065007423,0.4225059716663181,0.6359654661386835,0.7457935078435072,-1.0,-0.9868888201403782,7.711768795786518
-0.5927179642982108,-0.8104582480859011,0.5826856761266568,0.9537407286021828,1.0,1.0,3.453836780890479
0.8977898554040167,1.0,0.07104334181217231,1.0,-0.04247559373936016,-0.7137458673731971,3.387467738595605
1.0,0.28370641974501143,1.0,0.7454074241435493,1.0,0.7768182915088964,-5.477394139416828
0.022002787709828442,-0.17083292390837146,-1.0,-0.6968714731072814,-0.8466102428109072,-0.28674219473668106,-0.9192952964094842
-0.6082392488500077,-0.455683974883069,-0.9779472842826534,0.7540162575956177,-0.3627370081727324,-0.09744861061143269,-1.7310799291009917
0.9686966571775799,1.0,1.0,1.0,-0.8562404214331474,0.399460260468262,1.7222562345110515
0.36847202880756647,1.0,1.0,-0.5338224268759137,0.12015802575362808,-0.41389110458219414,-3.351148257122343
-0.4817621958532625,-0.13032258171890887,-1.0,0.25976862834225645,-1.0,-0.6501029184405296,-2.1650650397538347
-0.7164871699202453,0.00671266475985155,-0.5504981492378481,-1.0,-0.7279158674857952,-0.32010243851197595,0.21367698553101167
0.00833178873757312,1.0,1.0,1.0,-0.03814296957214253,0.8007813858592214,-5.3570022658788865
0.18956086537968175,-1.0,-0.6515826201509071,0.11937024929556572,0.827027002146603,0.07997275848683841,-1.8835934944890464
-0.03001015385265282,0.0498327505368793,0.5601480387361679,0.22570371973801512,0.05189454083083289,0.6639722832358255,-0.22742255213199433
0.3228579070031173,0.9896323665953153,0.2242392399872134,-0.35686615184617904,-0.9075674283056319,0.16849248166437003,0.7683430236502419
0.7257089390739461,0.64730614266462,1.0,-0.45319821478229955,-0.8616820426510834,-0.4359691547080689,0.9912925419389302
-1.0,-0.9265366066971494,-0.2515089560789383,-0.45425038052723443,0.2385793969428266,0.20757243639088158,-0.9334941404663735
-0.15218923872901724,-0.5842934627687097,0.5614883177472072,-0.6545633314584656,-0.3063569858194105,0.7241450336183637,-0.6839763155714929
-1.0,-1.0,-1.0,-1.0,-0.7264528204033078,-0.11571518174472811,-4.438961425726665
-0.29881511630492347,0.8654500140380152,-0.11093225500472953,-0.20131905478648748,-0.8492796915066638,1.0,3.906264975760065
-0.41712588631371733,-1.0,1.0,-0.26574015243687144,1.0,0.8038492841780409,0.9510988788158313
-0.7007533691382034,-0.25378786225049593,0.5540421333366735,0.0971574355688698,-0.7004852235382854,-0.49473612894081764,-0.615980784913415
-0.7825970818041876,0.023284075890382228,-0.7911048767097025,-0.0063400196114384855,0.4589832224166534,-0.5295040616870905,1.9501929104404934
-1.0,-0.9371667848004408,0.11519058795760856,-0.519626745419002,-0.1601575370897102,0.13744880391062952,-0.8596506550550894
0.20014445028007238,1.0,0.9584748280851169,0.013061290553833538,-0.6793762841541503,-0.7391505595274924,-1.5619807392278553
0.5083845006337654,-0.9122381184618682,-1.0,-0.7724863974156977,1.0,0.6545035096023719,-3.4965563067522574
-0.587266373969199,-1.0,-0.245608070892391,-0.7861225503425713,1.0,0.23142695608303954,0.20592087108938256
-0.18301532946056867,0.2667270264701192,-0.8916680093200978,-1.0,-0.6232154251171687,-0.6549237282821423,-0.999993992420706
-0.7910399767769929,-1.0,0.6525449723376111,-1.0,-0.4192460793363517,-0.10497018744601275,1.0472465039917642
-0.6119834350811988,-1.0,0.09363939204694566,0.04657097907460328,-1.0,-0.2879370255005054,0.6238541299628154
-1.0,-1.0,-0.8979334711318983,-1.0,1.0,1.0,-0.045056076882143525
0.8655993477314439,0.9441210789255623,1.0,0.4185901146967599,0.7889395070577265,-0.16542652657376694,-3.3021165256799048
1.0,0.6086039770696672,0.7119914754344645,1.0,0.14597904509147047,-1.0,5.082173182116131
-0.008020534601139134,-0.32356105853631995,-0.04654675777485562,-1.0,1.0,0.2125714370846769,1.1654184533551628
-0.6360558730519758,-0.646370237336517,0.007100225937395455,-0.7775414400461678,1.0,1.0,3.380434791186645
-0.17804487665486646,1.0,-0.15426087201775934,-0.6969704145528297,0.8091186504437762,1.0,8.0061679573442
1.0,1.0,0.05716163295225951,1.0,-0.28848232728556283,1.0,5.003666549339457
1.0,1.0,-0.6768750029613111,-1.0,0.37687204426068743,-1.0,-0.7485703076350574
-0.9616097820896776,-0.546321739626717,-0.023669860361403394,-0.5581890170977541,-1.0,-0.015473568865923104,-0.5069773188740873
-1.0,-1.0,0.05630730355557023,-1.0,-0.2212489192767947,-0.9620632566254965,4.911454721310338
0.31238763910889,0.9265890812843183,1.0,1.0,0.6321363139729705,-0.7740169174984176,-3.2077056426467183
-1.0,-0.8422979917067842,0.04494574843771526,-0.5781879962455381,-0.1389746963787295,-0.5326065554612289,1.0113315353175856
-0.5936592067682724,-1.0,-0.26798261415062785,-1.0,-1.0,-0.4247238035882679,4.282523770247502
-1.0,-0.43367558740059353,-0.9193588302182714,-1.0,1.0,-0.40338053721476463,0.2499546194726297
0.07338497664189494,-1.0,0.8083443214909856,0.6900059348864354,-0.5459847676233593,-0.480762155856296,2.513898739317716
-0.46370188569173443,-0.04575906733524848,-0.34837664924017236,-0.12015424297567678,1.0,0.2500697066210644,1.698937115977018
0.2588600598452351,-0.3009390034393751,1.0,1.0,0.11282672888337242,0.39232459581032053,-2.723783695211638
-1.0,-1.0,-0.6187879992479683,-1.0,-0.5722150950582153,0.5764770448389924,-3.3603900338628785
-1.0,-1.0,-1.0,-0.8007766377009553,-0.5291707953411863,-0.06458500181619212,-5.65367325437599
-1.0,-1.0,-0.013227543864358315,-0.5912117746897579,-0.25079536318194917,-1.0,4.959718738722875
-0.23259464824780485,0.2774331825075359,0.8438385266859003,1.0,0.6978633761996195,-0.8455163274964625,1.317429331345783
-0.5041678192275019,-1.0,-1.0,0.5012039188078915,-0.8828328169199855,-1.0,-1.8443019226790014
0.9116026390147508,0.8194580680892899,1.0,0.5010089072959691,1.0,1.0,-6.007353733428326
-0.057574310197089584,-1.0,-1.0,-1.0,0.29434744821920367,-1.0,2.927409575376594
1.0,0.33284157671766734,0.19333666656547588,0.04134321527943649,0.14399391956237578,0.6411958226451668,1.1058626053052754
0.11127821964262696,0.9367225618234954,1.0,1.0,-0.4339637529941479,0.5263515153188619,-2.7443437763801954
-1.0,-0.5023056527126407,-1.0,-0.39239727010247855,0.03444026612857398,-0.3478154697570991,-1.5427456172722875
0.3241088802150759,-0.4644986908231406,0.5830071361610372,-0.08856414699888915,-0.08063122246073706,-1.0,4.762630599300071
-0.1841441875179648,-0.11882783804762372,0.173491458222992,0.6679585744795545,-1.0,-1.0,1.8259765645517658
-1.0,-1.0,0.2872385194498005,0.6198691878457825,-1.0,-0.9921367269270849,-0.14090054089629855
-1.0,0.3300429953012709,-0.6627729102901475,0.5093229010659331,-0.4683809694456167,-0.5583266939329656,-1.1195104814172776
-0.12503766525346416,-0.22185190365049057,-0.5749318682349172,-0.2303588771655647,-1.0,-1.0,0.6955351247530891
0.5221009872788822,1.0,1.0,1.0,0.6878201301716036,-0.2660609781735219,-4.780316608466575
-1.0,-0.9492596259398726,-0.005996161965776792,-0.8123307158866199,0.44844762858412657,-0.16394645605996994,0.06989932846473479
0.3364355129862261,-0.26444869998622544,1.0,0.8596753159365754,0.04995710700556755,0.6063671867360068,-1.3706435649342028
-0.10014925233733696,-1.0,-1.0,-0.6934513730709547,-1.0,-1.0,3.7389029742436124
0.001431123725408101,1.0,0.10729161645234209,1.0,0.1815038456208642,0.5918839294256362,-1.1165448788650134
-0.6445661254815322,-0.8608909929764239,-1.0,-0.15321905421167847,0.656228033497606,-1.0,4.343649610275848
1.0,0.0003010924477016008,0.8976991683196915,1.0,-0.9836797892019982,-0.2742410970938335,4.560332285839233
-1.0,-0.7471190746146186,-1.0,-1.0,-0.7499605870843689,-0.2007307543150628,-1.662901376887264
-0.569724712721346,1.0,-0.6433150800001934,1.0,1.0,1.0,8.108321166852242
1.0,0.2647224065478806,0.12114933353043611,-0.4027662972336895,-1.0,-0.3406294614999058,2.5680812694464903
0.5217210358211438,-0.5336098268996461,1.0,1.0,0.465542164921233,1.0,-1.7072566765605464
-0.8487607174458636,-1.0,-1.0,-0.3224314070623094,0.17309616273189588,-0.7144970934005412,-0.07353216647977895
-1.0,-0.7526477944140179,-0.27506943935459094,-1.0,0.12429454714029453,0.29211104566036017,-2.1329805141779374
0.3558864728206594,-0.5807067053407522,-0.13091711688563656,-0.989891041062412,-0.08899119742408224,-0.23012800780193066,1.0580144097073325
0.4641187762244273,-1.0,0.6823197174689861,-0.13602196768459196,-1.0,-0.6979910336006993,7.897493177115073
-0.31605470592870166,-0.7491485493889911,1.0,-0.4033406751548895,0.02806425399680773,-0.43950177319699946,3.136026889433216
1.0,-0.16017856048245166,1.0,0.571447696744671,0.7860802396171499,0.5645014559463102,-4.878660262133218
0.13585524253722497,-0.3618972611421768,0.3660297325786511,-0.7324148890153807,0.8482141203066739,0.16120351563989455,-0.028948382231474085
-0.9454776741783995,-1.0,-0.8321754750068044,-0.0013801299484839102,-1.0,-1.0,-0.7000725956130365
1.0,-0.45399129520391635,0.08894629305708623,0.9201079877048046,0.8010730678575341,1.0,1.3832403627849639
-0.633696084198871,-0.7548482577812721,1.0,0.02377205132423088,1.0,0.5193373856908068,1.181432727040988
0.1944246248278899,0.2116999659702974,-1.0,-0.7781955618668561,0.043070600354594424,1.0,6.024101157372023
0.27732549834900444,0.0164856764927076,-0.41349774012580465,-0.6039140785206806,-0.31376105187877745,-0.2287049056466054,1.2415401034328724
-0.08449188030116561,-0.670307752560701,0.0040675500860695435,0.20521652895341236,1.0,0.630902039243217,0.26467417845989116
0.5794458675999988,0.24158254212602626,1.0,-0.1847549893016609,-1.0,-0.007893288328356673,1.1526004171095654
1.0,0.877307858849216,0.22848541296756883,0.8383475189775726,0.37211635288909184,0.90885863338271,0.35712180851023406
1.0,0.3034209109823449,0.6184680080988497,1.0,0.7815696018908102,-0.42574675055635275,-0.7697987388178232
-0.2528483084550795,0.40165784086446943,-0.17580996126218176,-1.0,-1.0,-0.9412077500733685,1.4398281555856076
0.6169900774749828,-1.0,0.33507446306084754,-0.9227724631937282,0.5170498521149566,0.8735114707705463,-1.0802636432421773
-1.0,0.13324378562538441,1.0,0.4618507449643236,0.0044317635725903415,0.12479291745988563,-1.6910741975831678
0.28039656486708386,1.0,0.27939258875727235,0.9801650240710118,-0.3630762835969872,-0.7878031446004683,1.7315710977116365
1.0,-0.12988875198014027,-0.4788833009914318,1.0,-0.7373235622241984,1.0,5.506687818534764
0.4293920291683547,0.581973262695575,-0.5663124488979983,-0.33109249298652654,0.2702356125852028,0.09950178365544975,0.4302012381641102
-0.33172153108429925,-0.3486867856901492,-0.18617810830387171,-0.10851514096156767,0.7354246452754203,0.9034084645215895,3.8383747581037024
1.0,0.8326762129349881,0.11669458157135792,-0.4238762680776329,-1.0,-0.12294715498162945,3.3565913999929546
-1.0,-0.6954589695162163,-0.9784765483830775,-1.0,-0.3980946267222307,0.15101602539335945,-3.6563277586442164
-1.0,-0.29732200058095004,-0.3793047567259994,-0.946772339177739,-0.4373225217382029,0.11396878432659197,-0.6979708283089738
-1.0,-0.8785511655985095,0.05132484979866975,0.703478582463675,0.5217852473034338,0.712888654705953,1.7175230334091443
0.7220129499070459,0.1650019747635072,-0.06623145373795525,-0.09247078809600823,1.0,-0.6658079188168904,-1.347308280977273
1.0,0.2329079223331414,0.39869607234222537,0.08774437241310713,0.8653369373176192,0.6473771898003623,-2.542454121111958
-0.7993641450362982,0.006394940353551037,-0.5107123351936493,-0.40124911806276686,-0.39046798175189096,0.10419743494354408,-1.3576021346401106
1.0,0.631042089025553,1.0,1.0,-0.025241919539637836,0.28073883509802033,-1.7378071875305012
-1.0,-0.5645652139562005,-0.7561549175074971,-1.0,0.6240856838010991,0.20932717775863185,-1.2822246444346446
-0.47236704650942807,-1.0,-1.0,-1.0,-0.04605570873518117,-0.2158651448749147,-4.196179841154433
-0.1796119066311238,0.40304356065256053,-1.0,-0.7476891081128639,1.0,1.0,10.589225108277983
-0.9875567132229559,-1.0,-1.0,0.1040795283177105,-1.0,-0.32789396367640267,-5.992591166418202
-1.0,-1.0,0.6744633119626092,0.07991883412311374,1.0,0.7896163685050978,2.334360396978572
-0.32971711031701934,-1.0,-1.0,-0.8206738163024022,-0.8547288304436765,1.0,3.0546748217955
1.0,0.539417200967405,0.24767901781602603,0.37102819300812834,0.34273996870585166,1.0,2.407586270743013
1.0,1.0,1.0,0.8041834930760976,-0.3572919210118815,0.5990524703321903,-1.952990581960251
-0.3088998213586883,-0.9398229011189471,0.3411779223931536,0.4553957209278635,0.6258475606441976,1.0,3.321184096870259
-0.7131747610408534,-0.4339193061086415,-1.0,-1.0,1.0,1.0,5.6151998888363135
-1.0,-0.28808540446199316,-0.39810957436679373,-0.9506747239974791,0.2018496223911821,-0.3426331324937577,0.11039134042130416
-0.9486528527950718,-1.0,-1.0,-0.23626470176081582,-1.0,-0.5338166736968423,-2.745401349161146
-0.4740173510625508,0.09631244272658668,-0.6566169061215279,0.9069229695422669,-0.37320870259435307,-0.9056148236530569,1.60219822902669
-0.5047768273484301,-0.6154859825571944,-0.04678159456973363,-0.17327671677197187,0.08432376886117376,-0.00404948929092791,-0.5795431318045778
-0.6852989305737762,-0.9894108281006175,-0.1648474440417883,-0.4571048326369067,1.0,1.0,3.005703490803602
-0.5909870587937509,0.4111769820487446,-1.0,0.6212681779017332,-0.7473762981035919,-0.42847705950953385,-1.174924898701136
1.0,-0.2926843811779008,1.0,-0.05668942495800133,1.0,1.0,-7.612326179538277
-0.15771813575338345,-1.0,-0.8236329250957302,-0.8676536604134066,-1.0,-1.0,5.268311113403575
1.0,0.9918511949962097,-0.08311247641088852,1.0,1.0,-0.9755712669521199,-0.14885243294573935
-0.5061967008820744,0.012019360874455015,-1.0,-1.0,1.0,0.942209946858485,7.964782032528654
-0.31737284276107847,0.29764325317310625,-1.0,-0.2735712098618304,0.23129819067397817,-0.10007220565115382,-1.092854950578221
1.0,0.5078556889962891,0.5197397439845789,0.39017510309895553,-0.6649694770039609,-0.16277275807599598,2.052879792795647
0.1873834698745544,-0.3549955553333381,0.3286015889651758,1.0,-1.0,0.5137166629264865,1.7146939538236912
0.338221186635955,-0.10074944031196753,1.0,0.871237759710737,1.0,0.405845510558957,-2.3808194732249652
-0.3393705218423627,0.8484363353554603,1.0,-0.74303217638669,1.0,0.3137576747651217,-1.5379617201531466
0.589968051693174,0.27973157199727616,1.0,1.0,-0.4304008474112142,0.8500091644420972,-1.9858054894511956
0.6488560593657209,1.0,-0.7171442365908081,-1.0,1.0,1.0,8.578619390991191
-1.0,-0.9691194696559846,-0.49006381171014757,-0.06409864851158098,0.7463954623541768,-0.6014797544001977,3.0303531203043654
0.3980677619086419,0.650598797019305,0.11728695042411563,1.0,0.7558564037455069,0.23580446286335255,-0.976201432963232
0.33027159789924726,0.3270161094057732,-0.03785312719574452,-0.8388258349405338,0.6642471806225102,-0.8317124039040955,1.0342296034894742
-0.4854515100754735,-0.8850115471071661,0.6898544388753867,1.0,-1.0,-0.0441631603323655,1.095638998460002
-0.413545613618616,1.0,0.035964998773338475,0.16796601483807216,0.5720769517742792,-1.0,1.7465668975984765
-0.058195238105311464,0.48623731959804384,-0.6576932299509147,0.6791169367845589,0.052143622379114296,0.9041032976493016,4.607487595223927
-0.12063418946229669,-0.7470639184644112,-1.0,-0.16681095795796375,0.27939877113537637,1.0,4.671258759935611
-0.2547088474545056,-0.3135594058031711,1.0,-0.9895434304235398,0.1392288927968905,0.4200110265256848,-1.9171721430317024
1.0,1.0,0.36029779396707184,0.8612167160515002,1.0,-0.6299878563037284,-0.7049835795941023
-1.0,-1.0,-1.0,-0.543962674064607,-1.0,-1.0,2.0630167366392085
0.4269212482621705,1.0,-0.4598161615033934,0.07096240705333656,1.0,0.8140136695159226,3.3027754646585366
1.0,0.28452423620224443,0.829388685178091,1.0,-0.4752451788716625,0.007781456410226095,1.7687070805799803
-1.0,-1.0,-0.5699110713404549,-0.48924609288864684,0.989106674458223,0.8254445454435173,1.1832212342308104
0.4353044557912701,-0.7938624825239504,-0.590946243137352,-0.2589818199714877,-0.06764189369464157,-0.4804727882667019,0.1450789740868691
-0.001961031192119822,-0.20943482933880642,0.1407360279697779,0.4153763087454715,0.24189768694763292,-0.539302172278653,0.3150507675076503
1.0,1.0,0.3582505764743634,1.0,1.0,1.0,-1.909915142508062
-0.06735610065826578,0.2862822064480909,-1.0,-0.5234991729377193,-0.2569311803293891,-0.05068047475072934,-0.9444115957337078
-0.8749194500607482,-1.0,-0.37019613542769747,-0.03127730704613896,0.32245494085162185,-0.12777888562071804,-0.6994020309672464
0.30614219767531536,1.0,-0.07936033546859167,1.0,0.5377703521938217,-0.9596782533172709,2.245952516120272
1.0,-1.0,-0.9905422459826777,0.7011593720492629,-0.5946219736433281,-0.5734751456198148,1.6216789652127688
-0.48500180848738417,-0.5152783402594235,1.0,-0.5308965821349003,0.43582681595506,1.0,-2.4261586469865444
-1.0,-1.0,-0.3656498514313278,-0.8496355046396533,-1.0,-0.977713755768036,3.9343317490321588
0.679854700104572,0.3744045316013934,1.0,0.9836580487059275,0.5870532338671421,0.706931210721441,-4.239593097932671
-0.39474364396081074,-0.546458941833301,-1.0,-1.0,-0.17802057811139727,-1.0,3.934714808767431
-0.018985305653759,-1.0,-1.0,-0.3247725036708886,1.0,1.0,0.6691487549038302
0.29827917666467807,0.2166278908100029,-1.0,-1.0,0.256733198362482,0.08514960659988735,-1.1781336320973008
-1.0,0.1482336587755242,-0.7207482604946713,-0.09544195383361531,0.23299117605790282,-0.7292921088748194,2.0530333729212193
0.7207298516580607,0.7793906406731843,1.0,1.0,-0.19194821530453832,-0.9426705025859736,2.7015076266714275
-1.0,-1.0,-0.17858782745631463,-1.0,1.0,0.9570977551469692,1.055593858126227
1.0,0.9151354005830894,0.24651292217753507,1.0,0.8893785599518821,0.681207515124957,-2.6518540857996324
-1.0,0.19090973950146142,-0.048615540486383946,-0.7108729026014831,-1.0,-0.27955243564518106,-2.161596080536941
-0.3346588492069176,1.0,0.5965497355082712,1.0,1.0,1.0,0.8749431267516561
0.17276199648625268,-0.11360257532129092,-0.13494529860091337,0.5603217177225139,-1.0,1.0,4.932419042777062
-0.20493212797280982,-0.12043651336018368,0.4297712911613749,-0.7963073515571379,-1.0,-0.016295537926294568,0.5303359135207117
-0.6894644972768167,1.0,0.38912263151493204,0.7092584399099477,0.5031162322399978,1.0,0.4269869122009283
-0.6901622598964752,-0.05571544787125321,0.1033785131186602,0.6566607666570119,-1.0,-1.0,0.16494624862606638
1.0,1.0,-0.14331872733600665,0.9731430026650714,0.009802664646351156,1.0,3.412501290179025
-0.5960563057442128,-1.0,0.446684969890093,-0.0820360589024984,0.37640326164697613,1.0,1.032331979119284
-1.0,-0.1387142204360452,-1.0,-0.4268571847897076,-0.42927914753524365,0.30708265766270004,-1.7571238644745666
0.21329794219432552,1.0,-0.1646489169166252,-0.103977274097651,1.0,0.015842431509879962,1.0919049052118834
0.37824686849232325,1.0,1.0,1.0,0.10879061084334518,0.36047176969731315,-5.728344406008562
-0.583356422553701,-0.483904790651532,-0.5797049438115458,0.29077607235077785,-1.0,0.32189736261968416,-0.7378213506163738
0.06194237131590874,1.0,0.08123250715508601,0.5194588101132332,-1.0,0.794802685008498,2.681625602190784
-1.0,0.06444143175557815,-0.3928828176336022,-1.0,-1.0,-0.6045582496953896,-1.2849351901598385
1.0,0.5299554119683172,0.09399254381586852,1.0,-0.8895776735363434,-0.7835809712242088,6.022511203392098
